scientificName;acceptedScientificName;decimalLatitude;decimalLongitude;issues;basisOfRecord;occurrenceStatus;rightsHolder;datasetName;recordedBy;locality;habitat;stateProvince
Melanoxylon brauna Schott;Melanoxylon brauna Schott;-19,615556;-40,833056;gass84,diffown;PRESERVED_SPECIMEN;PRESENT;MBM - Herbário do Museu Botânico Municipal;MBM - Herbário do Museu Botânico Municipal;"Brotto, M.L.; Völtz, R.R.; Völtz, R.R.";Pontal de Santa Joana, terreno do Sr. Bila;;Espirito Santo
Melanoxylon brauna Schott;Melanoxylon brauna Schott;-20,599278;-43,466528;gass84,inmano;PRESERVED_SPECIMEN;PRESENT;"OUPR - Herbário ""Professor José Badini""";"OUPR - Herbário ""Professor José Badini""";"Gaião, L.M.; Batista, J.C.";Santa Rita de Ouro Preto, Piedade;;Minas Gerais
Melanoxylon brauna Schott;Melanoxylon brauna Schott;-21,367222;-41,081944;cdround,gass84,inmano;PRESERVED_SPECIMEN;PRESENT;Rio de Janeiro Botanical Garden;RB - Rio de Janeiro Botanical Garden Herbarium Collection;"Elenice A. Fortes; Herick B. M. Viana, Nilson B. Neves Neto, Patrícia M. Santos";EEEG. Na borda da mata, ponta norte da mata, condomínio. Floresta Estacional Semidecidual sobre tabuleiro.;;Rio de Janeiro
Melanoxylon brauna Schott;Melanoxylon brauna Schott;-21,367222;-41,081944;gass84,diffown;PRESERVED_SPECIMEN;PRESENT;HUEFS - Herbario da Universidade Estadual de Feira de Santana;HUEFS - Herbario da Universidade Estadual de Feira de Santana;Fortes, E.A.;Estação Ecológica Estadual Guaxindiba. EEEG. Na borda da mata, ponta norte da mata, condomínio.;;Rio de Janeiro
Melanoxylon brauna Schott;Melanoxylon brauna Schott;-19,835278;-43,398333;gass84,ambinst;PRESERVED_SPECIMEN;PRESENT;BHCB - Herbário da Universidade Federal de Minas Gerais;BHCB - Herbário da Universidade Federal de Minas Gerais;Rezende, SG;Cocais;;Minas Gerais
Melanoxylon brauna Schott;Melanoxylon brauna Schott;-21,380278;-41,223056;cdround,gass84,inmano;PRESERVED_SPECIMEN;PRESENT;Rio de Janeiro Botanical Garden;RB - Rio de Janeiro Botanical Garden Herbarium Collection;"Haroldo C. de Lima; Marcelo T. Nascimento, Davi N.S. Machado, Herick B.M. Viana, Patrícia M. Santos";Mata da Mangueira, entre Pingo d´água e Santa Luzia. Fragmento de Floresta Estacional Semidecidual de Tabuleiro.;;Rio de Janeiro
Melanoxylon brauna Schott;Melanoxylon brauna Schott;-19,467978;-43,932106;gass84,ambinst;PRESERVED_SPECIMEN;PRESENT;HDJF - Herbário Dendrológico Jeanine Felfili;HDJF - Herbário Dendrológico Jeanine Felfili;"Carvalho, L G C; Pinheiro A, C";RPPN;;Minas Gerais
Melanoxylon brauna Schott;Melanoxylon brauna Schott;-17,665767;-41,675278;gass84,ambinst;PRESERVED_SPECIMEN;PRESENT;HDJF - Herbário Dendrológico Jeanine Felfili;HDJF - Herbário Dendrológico Jeanine Felfili;Guarneire, GJ;Comunidade de Icari;;Minas Gerais
Melanoxylon brauna Schott;Melanoxylon brauna Schott;-22,354444;-43,733611;cdround,gass84,rdativ,inmano;PRESERVED_SPECIMEN;PRESENT;Rio de Janeiro Botanical Garden;RB - Rio de Janeiro Botanical Garden Herbarium Collection;"M. Verdi; C. Baez, E. Fernandez, T. Lima, R. Chaves & A. Beutin";Estrada-Parque, entre PESC e PNM Açude da Concórdia. Parque Estadual da Serra da Concórdia;;Rio de Janeiro
Melanoxylon brauna Schott;Melanoxylon brauna Schott;-21,367222;-41,081944;cdround,gass84,inmano;PRESERVED_SPECIMEN;PRESENT;Rio de Janeiro Botanical Garden;RB - Rio de Janeiro Botanical Garden Herbarium Collection;"Haroldo C. de Lima; M.T. Nascimento, B. Stellet";Ponta Norte da Mata, Condomínio. Floresta Estacional. Estação Ecológica Estadual de Guaxindiba;;Rio de Janeiro
Melanoxylon brauna Schott;Melanoxylon brauna Schott;-21,372222;-41,081944;gass84,incomis,inmafu;PRESERVED_SPECIMEN;PRESENT;ALCB - Herbário Alexandre Leal Costa;ALCB - Herbário Alexandre Leal Costa;"Lima, HC; Nascimento, MT; Stellet, B";estação EcológicaEstadualde Guaxindiba. Ponta Norte da Mata, Condomínio.;;Rio de Janeiro
Melanoxylon brauna Schott;Melanoxylon brauna Schott;-21,372222;-41,081944;gass84,ambinst;PRESERVED_SPECIMEN;PRESENT;BHCB - Herbário da Universidade Federal de Minas Gerais;BHCB - Herbário da Universidade Federal de Minas Gerais;"Lima, HC de; Nascimento, MT; Stellet, B";Estação Ecológica Estadual de Guaxindiba, Ponta Norte da Mata. Condomínio.;;Rio de Janeiro
Melanoxylon brauna Schott;Melanoxylon brauna Schott;-19;-43;gass84,ambinst;PRESERVED_SPECIMEN;PRESENT;HDJF - Herbário Dendrológico Jeanine Felfili;HDJF - Herbário Dendrológico Jeanine Felfili;"Soares, CCC; Barbalho, PPG;";CAVA SA3;;Minas Gerais
Melanoxylon brauna Schott;Melanoxylon brauna Schott;-19;-43;gass84,inmano;PRESERVED_SPECIMEN;PRESENT;HDJFw - Xiloteca do Herbário Dendrológico Jeanine Felfili;HDJFw - Xiloteca do Herbário Dendrológico Jeanine Felfili;"Soares, CCC; Barbalho, PPG;";CAVA SA3;;Minas Gerais
Melanoxylon brauna Schott;Melanoxylon brauna Schott;-21,372222;-41,081944;cdround,elmms,gass84,muluriiv,colmafu,inmafu;PRESERVED_SPECIMEN;PRESENT;ALCB - Herbário Alexandre Leal Costa;ALCB - Herbário Alexandre Leal Costa;"Lima, HC;Nascimento, MT,Stellet, B";estação EcológicaEstadualde Guaxindiba. Ponta Norte da Mata, Condomínio.;;Rio de Janeiro
Melanoxylon brauna Schott;Melanoxylon brauna Schott;-21,367222;-41,081944;cdround,gass84,rdativ,inmano;PRESERVED_SPECIMEN;PRESENT;Rio de Janeiro Botanical Garden;RB - Rio de Janeiro Botanical Garden Herbarium Collection;"Elenice A. Fortes; Haroldo C. de Lima, Igor S. Broggio, Herick B. M. Viana, Nilson B. Neves";Ponta norte da mata. Condomínio, próximo à estrada da Cobiça. Floresta Estacional. Estação Ecológica Estadual de Guaxindiba;;Rio de Janeiro
Melanoxylon brauna Schott;Melanoxylon brauna Schott;-21,367222;-41,081944;gass84,diffown;PRESERVED_SPECIMEN;PRESENT;HUEFS - Herbario da Universidade Estadual de Feira de Santana;HUEFS - Herbario da Universidade Estadual de Feira de Santana;Fortes, E.A.;Estação Ecológica Estadual de Guaxindiba. Ponta norte da mata. Condomínio, próximo à estrada da Cobiça.;;Rio de Janeiro
Melanoxylon brauna Schott;Melanoxylon brauna Schott;-21,378889;-41,082222;cdround,gass84,inmano;PRESERVED_SPECIMEN;PRESENT;Rio de Janeiro Botanical Garden;RB - Rio de Janeiro Botanical Garden Herbarium Collection;"Elenice A. Fortes; Haroldo C. de Lima, Mariana A. Faitanin, Herick B. M. Viana, Nilson B. Neves Neto";Próximo à borda da mata onde passa a estrada da Cobiça. Floresta estacional. Estação Ecológica Estadual de Guaxindiba;;Rio de Janeiro
Melanoxylon brauna Schott;Melanoxylon brauna Schott;-21,378889;-41,082222;gass84,diffown;PRESERVED_SPECIMEN;PRESENT;HUEFS - Herbario da Universidade Estadual de Feira de Santana;HUEFS - Herbario da Universidade Estadual de Feira de Santana;Fortes, E.A.;Estação Ecológica Estadual de Guaxindiba. Próximo à borda da mata onde passa a estrada da Cobiça.;;Rio de Janeiro
Melanoxylon brauna Schott;Melanoxylon brauna Schott;-19,750833;-42,48;gass84,ambinst;PRESERVED_SPECIMEN;PRESENT;HDJF - Herbário Dendrológico Jeanine Felfili;HDJF - Herbário Dendrológico Jeanine Felfili;Paixão, FA;Rio Doce, Margem Esquerda;;Minas Gerais
Melanoxylon brauna Schott;Melanoxylon brauna Schott;-17,139167;-41,893889;gass84,ambinst;PRESERVED_SPECIMEN;PRESENT;HDJF - Herbário Dendrológico Jeanine Felfili;HDJF - Herbário Dendrológico Jeanine Felfili;Otoni, TCO;Zona rural;;Minas Gerais
Melanoxylon brauna Schott;Melanoxylon brauna Schott;-10,354444;-44,624444;gass84,diffown;PRESERVED_SPECIMEN;PRESENT;HUEFS - Herbario da Universidade Estadual de Feira de Santana;HUEFS - Herbario da Universidade Estadual de Feira de Santana;Antar, G.M.;Morro do Porco.;;Tocantins
Melanoxylon brauna Schott;Melanoxylon brauna Schott;-18,076944;-43,227222;gass84,ambinst;PRESERVED_SPECIMEN;PRESENT;HDJF - Herbário Dendrológico Jeanine Felfili;HDJF - Herbário Dendrológico Jeanine Felfili;"Faria, JEQ; Pinheiro, AC";Estrada próxima a Felício dos Santos;;Minas Gerais
Melanoxylon brauna Schott;Melanoxylon brauna Schott;-17,809722;-42,594444;gass84,ambinst;PRESERVED_SPECIMEN;PRESENT;HDJF - Herbário Dendrológico Jeanine Felfili;HDJF - Herbário Dendrológico Jeanine Felfili;"Faria, JEQ; Gomes, RR; Santos, DMZ; Sousa, DN";Região de São Lourenço, próx. a Aricanduva;;Minas Gerais
Melanoxylon brauna Schott;Melanoxylon brauna Schott;-21,358056;-41,094444;cdround,gass84,rdativ,inmano;PRESERVED_SPECIMEN;PRESENT;HUENF;Herbário - Universidade Estadual do Norte Fluminense Darcy Ribeiro;"Faitanin, M.A.;Nascimento, M.T.,Broggio, I.S.,Viana, H.";Estação Ecológica de Guaxindiba, E.E.E. Guaxindiba.;;Rio de Janeiro
Melanoxylon brauna Schott;Melanoxylon brauna Schott;-13,030278;-39,604722;gass84,inmano;PRESERVED_SPECIMEN;PRESENT;CEPEC - Herbário do Centro de Pesquisas do Cacau;CEPEC - Herbário do Centro de Pesquisas do Cacau;Schulte, T.F.;Conglomerado BA_899-4-8-36;;Bahia
Melanoxylon brauna Schott;Melanoxylon brauna Schott;-18,907778;-43,4025;gass84,diffown;PRESERVED_SPECIMEN;PRESENT;HUEFS - Herbario da Universidade Estadual de Feira de Santana;HUEFS - Herbario da Universidade Estadual de Feira de Santana;Faria, J.E.Q.;Conceição do Mato Dentro: Margem da MG-10 próximo ao povoado do Sapo.;;Minas Gerais
Melanoxylon brauna Schott;Melanoxylon brauna Schott;-18,907778;-43,4025;cdround,gass84,rdativ,inmano;PRESERVED_SPECIMEN;PRESENT;Rio de Janeiro Botanical Garden;RB - Rio de Janeiro Botanical Garden Herbarium Collection;"J.E.Q. Faria; A.C. Pinheiro";Margem da MG- 10, próximo ao povoado do Sapo.;;Minas Gerais
Melanoxylon brauna Schott;Melanoxylon brauna Schott;-18,907778;-43,4025;gass84,ambinst;PRESERVED_SPECIMEN;PRESENT;HDJF - Herbário Dendrológico Jeanine Felfili;HDJF - Herbário Dendrológico Jeanine Felfili;"Faria, JEQ; Pinheiro, AC";Margem da MG-10, próximo ao povoado do Sapo;;Minas Gerais
Melanoxylon brauna Schott;Melanoxylon brauna Schott;-18,907778;-43,4025;gass84,inmano;PRESERVED_SPECIMEN;PRESENT;"SP - Herbário do Estado ""Maria Eneyda P. Kaufmann Fidalgo"" - Coleção de Fanerógamas";"SP - Herbário do Estado ""Maria Eneyda P. Kaufmann Fidalgo"" - Coleção de Fanerógamas";"Faria, JEQ; Pinheiro, AC";Margem da rodovia MG-10, próximo ao povoado do Sapo;;Minas Gerais
Melanoxylon brauna Schott;Melanoxylon brauna Schott;-18,916185;-43,401485;gass84,ambinst;PRESERVED_SPECIMEN;PRESENT;HDJF - Herbário Dendrológico Jeanine Felfili;HDJF - Herbário Dendrológico Jeanine Felfili;"Moreira, SN; Pereira, E";Beira de estrada;;Minas Gerais
Melanoxylon brauna Schott;Melanoxylon brauna Schott;-18,058611;-39,662222;cdround,gass84,inmano;PRESERVED_SPECIMEN;PRESENT;Rio de Janeiro Botanical Garden;RB - Rio de Janeiro Botanical Garden Herbarium Collection;Grupo de Coletores do Núcleo Sapucaia;Assentamento Paulo Freire. Núcleo Sapucaia, Matriz 69 - lote de Dilma.;;Bahia
Melanoxylon brauna Schott;Melanoxylon brauna Schott;-21,428056;-41,136111;cdround,gass84,inmano;PRESERVED_SPECIMEN;PRESENT;Rio de Janeiro Botanical Garden;RB - Rio de Janeiro Botanical Garden Herbarium Collection;"Neves, D.M.; Lima, H.C.; Pezzini, F.F.";Rodovia RJ 224, km 43.;;Rio de Janeiro
Melanoxylon brauna Schott;Melanoxylon brauna Schott;-21,428056;-41,136111;gass84,diffown;PRESERVED_SPECIMEN;PRESENT;HUEFS - Herbario da Universidade Estadual de Feira de Santana;HUEFS - Herbario da Universidade Estadual de Feira de Santana;Neves, D.M.;Rodovia RJ 224, Km 43.;;Rio de Janeiro
Melanoxylon brauna Schott;Melanoxylon brauna Schott;-11,988056;-41,334722;gass84,diffown;PRESERVED_SPECIMEN;PRESENT;HUEFS - Herbario da Universidade Estadual de Feira de Santana;HUEFS - Herbario da Universidade Estadual de Feira de Santana;Queiroz, L.P.de;Ca.8 Km SW de Bonito, assentamento Eugênio Lira.;;Bahia
Melanoxylon brauna Schott;Melanoxylon brauna Schott;-11,98806;-41,33472;gass84,colmafu;PRESERVED_SPECIMEN;PRESENT;;;Queiroz, L.P.|Wood, J.|Huaylla, H.;;;Bahia
Melanoxylon brauna Schott;Melanoxylon brauna Schott;-11,988056;-41,334722;cdround,gass84,rdativ,colmafu,inmafu;PRESERVED_SPECIMEN;PRESENT;P;;"Queiroz, Wood, J.;Huaylla, H.";Bahia, Bonito;;Bahia
Melanoxylon brauna Schott;Melanoxylon brauna Schott;-12,973333;-41,334167;gass84,incomis,inmafu;PRESERVED_SPECIMEN;PRESENT;ALCB - Herbário Alexandre Leal Costa;ALCB - Herbário Alexandre Leal Costa;"Roque, N; Alunos de Botânica III";Piemonte da Diamantina, Estrada para assentamento Cafezal - Cafelândia.;;Bahia
Melanoxylon brauna Schott;Melanoxylon brauna Schott;-12,973333;-41,333889;gass84,incomis,inmafu;PRESERVED_SPECIMEN;PRESENT;ALCB - Herbário Alexandre Leal Costa;ALCB - Herbário Alexandre Leal Costa;"Ramos, G; Roque, N; et al.";Piemonte da Diamantina, Estrada assentamento Cafezal-Cafelândia.;;Bahia
Melanoxylon brauna Schott;Melanoxylon brauna Schott;-12,973333;-41,334167;gass84,diffown;PRESERVED_SPECIMEN;PRESENT;HUEFS - Herbario da Universidade Estadual de Feira de Santana;HUEFS - Herbario da Universidade Estadual de Feira de Santana;Roque, N.;Estrada para assentamento Cafezal - Cafelândia.;;Bahia
Melanoxylon brauna Schott;Melanoxylon brauna Schott;-12,973333;-41,333889;cdround,gass84,inmano;PRESERVED_SPECIMEN;PRESENT;Rio de Janeiro Botanical Garden;RB - Rio de Janeiro Botanical Garden Herbarium Collection;"G. Ramos; N. Roque";Estrada assentamento Cafezal-Cafelândia.;;Bahia
Melanoxylon brauna Schott;Melanoxylon brauna Schott;-12,973333;-41,334167;cdround,gass84,colmafu,inmafu;PRESERVED_SPECIMEN;PRESENT;ALCB - Herbário Alexandre Leal Costa;ALCB - Herbário Alexandre Leal Costa;"Roque, N;Alunos de Botânica III";Piemonte da Diamantina, Estrada para assentamento Cafezal - Cafelândia.;;Bahia
Melanoxylon brauna Schott;Melanoxylon brauna Schott;-12,973333;-41,333889;cdround,elmms,gass84,colmafu,inmafu;PRESERVED_SPECIMEN;PRESENT;ALCB - Herbário Alexandre Leal Costa;ALCB - Herbário Alexandre Leal Costa;"Ramos, G;Roque, N,et al.";Piemonte da Diamantina, Estrada assentamento Cafezal-Cafelândia.;;Bahia
Melanoxylon brauna Schott;Melanoxylon brauna Schott;-22,6775;-42,815;gass84,colmafu,inmafu;PRESERVED_SPECIMEN;PRESENT;FURB - Herbário Dr. Roberto Miguel Klein;FURB - Herbário Dr. Roberto Miguel Klein;A. Uhlmann;ao lado do viveiro florestal do COMPERJ.;;Rio de Janeiro
Melanoxylon brauna Schott;Melanoxylon brauna Schott;-14,333056;-40,208333;gass84,inmano;PRESERVED_SPECIMEN;PRESENT;HURB - Herbário do Recôncavo da Bahia;HURB - Herbário do Recôncavo da Bahia;"Aona, L.Y.S.; Biggs, N.; Costa, I.R.; Duarte, E.; Fonseca, W.O.; Lucas, E.; Monro, A.";"Parque Nacional de Boa Nova; Setor central, Fazenda Alvorada, Perto do Lagedo dos Beija-flores.";;Bahia
Melanoxylon brauna Schott;Melanoxylon brauna Schott;-19,15;-40,05;gass84,diffown;PRESERVED_SPECIMEN;PRESENT;HUEFS - Herbario da Universidade Estadual de Feira de Santana;HUEFS - Herbario da Universidade Estadual de Feira de Santana;Nascimento, F.H.F.;Reserva Natural Vale.;;Espírito Santo
Melanoxylon brauna Schott;Melanoxylon brauna Schott;-22,677508;-42,814894;gass84,diffown;PRESERVED_SPECIMEN;PRESENT;MBM - Herbário do Museu Botânico Municipal;MBM - Herbário do Museu Botânico Municipal;Uhlmann, A.;COMPERJ;;Rio de Janeiro
Melanoxylon brauna Schott;Melanoxylon brauna Schott;-22,6775;-42,814722;cdround,gass84,muluriiv,inmano;PRESERVED_SPECIMEN;PRESENT;Rio de Janeiro Botanical Garden;RB - Rio de Janeiro Botanical Garden Herbarium Collection;"A. Uhlmann; et al";Área antropizada, ao lado do viveira florestal do COMPERJ.;;Rio de Janeiro
Melanoxylon brauna Schott;Melanoxylon brauna Schott;-15,297222;-39,195278;gass84,incomis,inmafu;PRESERVED_SPECIMEN;PRESENT;ALCB - Herbário Alexandre Leal Costa;ALCB - Herbário Alexandre Leal Costa;Gomes, FS;;;Bahia
Melanoxylon brauna Schott;Melanoxylon brauna Schott;-14,333056;-40,208333;gass84,colmafu,inmafu;PRESERVED_SPECIMEN;PRESENT;FUEL - Herbário da Universidade Estadual de Londrina;FUEL - Herbário da Universidade Estadual de Londrina;"Aona, LYS; Biggs, N; Costa, IR; Duarte, E; Fonseca, WO; Lucas, E; Monro, A";Parque Nacional de Boa Nova, setor central, Fazenda Alvorada, Lagedo dos Beija Flores;;Bahia
Melanoxylon brauna Schott;Melanoxylon brauna Schott;-15,297222;-39,195278;cdround,gass84,muluriiv,colmafu,inmafu;PRESERVED_SPECIMEN;PRESENT;ALCB - Herbário Alexandre Leal Costa;ALCB - Herbário Alexandre Leal Costa;Gomes, FS;;;Bahia
Melanoxylon brauna Schott;Melanoxylon brauna Schott;-22,6775;-42,815;cdround,gass84,colmafu,inmafu;PRESERVED_SPECIMEN;PRESENT;FURB - Herbário Dr. Roberto Miguel Klein;FURB - Herbário Dr. Roberto Miguel Klein;"Uhlmann, A.;A. Uhlmann,et al.";ao lado do viveiro florestal do COMPERJ.;;Rio de Janeiro
Melanoxylon brauna Schott;Melanoxylon brauna Schott;-22,6775;-42,815;cdround,elmms,gass84,colmafu,inmafu;PRESERVED_SPECIMEN;PRESENT;MBM - Herbário do Museu Botânico Municipal;MBM - Herbário do Museu Botânico Municipal;"Uhlmann, A;Uhlmann, A.";COMPERJ;;Rio de Janeiro
Melanoxylon brauna Schott;Melanoxylon brauna Schott;-19,15;-40,05;gass84,colmafu,inmafu;PRESERVED_SPECIMEN;PRESENT;HUEFS - Herbario da Universidade Estadual de Feira de Santana;HUEFS - Herbario da Universidade Estadual de Feira de Santana;Nascimento, F.H.F.;Reserva Natural Vale.;;Espírito Santo
Melanoxylon brauna Schott;Melanoxylon brauna Schott;-20,099444;-43,901389;gass84,ambinst;PRESERVED_SPECIMEN;PRESENT;BHCB - Herbário da Universidade Federal de Minas Gerais;BHCB - Herbário da Universidade Federal de Minas Gerais;"Miranda, E; Tomich, S; Machado, TM; Souza, FS";"Mina Capitão do Mato, Litotipo: Cobertura detrito-laterítica; concreções supergênicas de óxidos de ferro e concreções ferruginosas preenchendo fraturas.";;Minas Gerais
Melanoxylon brauna Schott;Melanoxylon brauna Schott;-19,189722;-43,257778;cdround,gass84,inmano;PRESERVED_SPECIMEN;PRESENT;Rio de Janeiro Botanical Garden;RB - Rio de Janeiro Botanical Garden Herbarium Collection;"E.M.Saddi; Joaquim Junior, Vinícius Cysneiros & João Henrique";Parcela para os estudos do EIA do Mineroduto Morro do Pilar/MG - Linhares/ES.;;Minas Gerais
Melanoxylon brauna Schott;Melanoxylon brauna Schott;-20,291944;-40,850556;cdround,gass84,inmano;PRESERVED_SPECIMEN;PRESENT;Rio de Janeiro Botanical Garden;RB - Rio de Janeiro Botanical Garden Herbarium Collection;"Michel Ribeiro; Scott A. Mori, Nathan P. Smith & Nilton E. Oliveira-Filho.";Goiabeiras. Zona Rural. Região Serrana, sedimento argiloso laranja-avermelhado. Coletada em meio a um cafezal próximo a mata em base de morro.;;Espírito Santo
Melanoxylon brauna Schott;Melanoxylon brauna Schott;-20,291944;-40,850556;cdround,gass84,colmafu,inmafu;PRESERVED_SPECIMEN;PRESENT;VIES - Herbário Central da Universidade Federal do Espírito Santo VIES;VIES - Herbário Central da Universidade Federal do Espírito Santo VIES;"Ribeiro, M.;Mori, S. A.,Smith, N.P.,Oliveira-Filho, N.E.";Goiabeiras. Goiabeiras. Zona Rural. Região Serrana, sedimento argiloso laranja-avermelhado. Coletada em meio a um cafezal próximo a mata em base de morro.;;Espírito Santo
Melanoxylon brauna Schott;Melanoxylon brauna Schott;-20,291944;-40,850556;cdround,gass84,diffown;PRESERVED_SPECIMEN;PRESENT;VIES - Herbário Central da Universidade Federal do Espírito Santo VIES;VIES - Herbário Central da Universidade Federal do Espírito Santo VIES;"Ribeiro, M.; Mori, S. A.; Smith, N.P. & Oliveira-Filho, N.E.";Goiabeiras. Goiabeiras. Zona Rural. Região Serrana, sedimento argiloso laranja-avermelhado. Coletada em meio a um cafezal próximo a mata em base de morro.;;Espírito Santo
Melanoxylon brauna Schott;Melanoxylon brauna Schott;-16,843333;-39,345555;cdround,gass84,rdativ,inmano;PRESERVED_SPECIMEN;PRESENT;Rio de Janeiro Botanical Garden;RB - Rio de Janeiro Botanical Garden Herbarium Collection;Grupo de Coletores do Núcleo Araticum;Área indígena. Núcleo Araticum, Matriz 98. Parque Nacional Histórico do Monte Pascoal;;Bahia
Melanoxylon brauna Schott;Melanoxylon brauna Schott;-24,800417;-47,848333;gass84,inmano;PRESERVED_SPECIMEN;PRESENT;ASE - Herbário da Universidade Federal de Sergipe;ASE - Herbário da Universidade Federal de Sergipe;"Caxambu, MG; et al.";Propriedade do Sr. Flávio;;São Paulo
Melanoxylon brauna Schott;Melanoxylon brauna Schott;-10,9;-36,187778;gass84,inmano;PRESERVED_SPECIMEN;PRESENT;MAC - Herbário do Instituto do Meio Ambiente do Estado de Alagoas;MAC - Herbário do Instituto do Meio Ambiente do Estado de Alagoas;"M.C.S.Mota; E.C.O.Chagas";Usina Coruripe, RPPN Lula Lobo.;;Alagoas
Melanoxylon brauna Schott;Melanoxylon brauna Schott;-19,0025;-43,194167;gass84,ambinst;PRESERVED_SPECIMEN;PRESENT;HDJF - Herbário Dendrológico Jeanine Felfili;HDJF - Herbário Dendrológico Jeanine Felfili;"Santos, LAG; Otoni, TJO; Machado, ELM";Zona Rural;;Minas Gerais
Melanoxylon brauna Schott;Melanoxylon brauna Schott;-19,890278;-40,892778;gass84,diffown;PRESERVED_SPECIMEN;PRESENT;MBM - Herbário do Museu Botânico Municipal;MBM - Herbário do Museu Botânico Municipal;"C. Hencker; A. M. Assis; A. A. Alves; E. J. de Lirio";fragmento localizado na comunidade do Baixo Sossego, borda do fragmento;;Espírito Santo
Melanoxylon brauna Schott;Melanoxylon brauna Schott;-13,688611;-44,041389;gass84,diffown;PRESERVED_SPECIMEN;PRESENT;HUEFS - Herbario da Universidade Estadual de Feira de Santana;HUEFS - Herbario da Universidade Estadual de Feira de Santana;Carvalho-Sobrinho, J.G.de;estrada para Alagoinha.;;Bahia
Melanoxylon brauna Schott;Melanoxylon brauna Schott;-22,65;-42,816667;cdround,gass84,rdativ,inmano;PRESERVED_SPECIMEN;PRESENT;Rio de Janeiro Botanical Garden;RB - Rio de Janeiro Botanical Garden Herbarium Collection;"Freire, J.M.C.; Fuks, F.; Silva, T.F. da; Cunha, F.; Resende, A.";Anel viário, lado esquerdo, em frente ao fragmento (próximo a Byrsonima).;;Rio de Janeiro
Melanoxylon brauna Schott;Melanoxylon brauna Schott;-22,666667;-42,816667;cdround,gass84,rdativ,inmano;PRESERVED_SPECIMEN;PRESENT;Rio de Janeiro Botanical Garden;RB - Rio de Janeiro Botanical Garden Herbarium Collection;"Freire, J.M.C.; Fuks, F.; Silva, T.F. da; Cunha, F.; Resende, A.";Estrada do viveiro, perto do pátio da Gutierre. 724444/7491255 (UTM).;;Rio de Janeiro
Melanoxylon brauna Schott;Melanoxylon brauna Schott;-10,126;-36,175556;gass84,inmano;PRESERVED_SPECIMEN;PRESENT;MAC - Herbário do Instituto do Meio Ambiente do Estado de Alagoas;MAC - Herbário do Instituto do Meio Ambiente do Estado de Alagoas;"Chagas-Mota; J.A.Rocha; A.S.Gomes";Poxim.;;Alagoas
Melanoxylon brauna Schott;Melanoxylon brauna Schott;-22,655556;-42,8275;cdround,gass84,inmano;PRESERVED_SPECIMEN;PRESENT;Rio de Janeiro Botanical Garden;RB - Rio de Janeiro Botanical Garden Herbarium Collection;"Haroldo C. de Lima; Juliana M. Freire & Fernando L. Gonçalves";Fragmento do Anel viário. Remanescente de mata degradada sobre morrote.;;Rio de Janeiro
Melanoxylon brauna Schott;Melanoxylon brauna Schott;-20,142222;-44,472778;gass84,diffown;PRESERVED_SPECIMEN;PRESENT;HUEFS - Herbario da Universidade Estadual de Feira de Santana;HUEFS - Herbario da Universidade Estadual de Feira de Santana;Saddi, E.M.;Itaúna. Parcela P22 dos estudos para o EIA do Complexo Serra Azul.;;Minas Gerais
Melanoxylon brauna Schott;Melanoxylon brauna Schott;-20,142222;-44,472778;cdround,gass84,inmano;PRESERVED_SPECIMEN;PRESENT;Rio de Janeiro Botanical Garden;RB - Rio de Janeiro Botanical Garden Herbarium Collection;"E.M.Saddi; João Henrique Martins, Roni Chaves & Kleber Silva";Parcela P22 dos estudos para o EIA do Complexo Serra Azul.;;Minas Gerais
Melanoxylon brauna Schott;Melanoxylon brauna Schott;-13,8875;-40,751556;gass84,inmano;PRESERVED_SPECIMEN;PRESENT;HUESB - Herbário da Universidade Estadual do Sudoeste da Bahia;HUESB - Herbário da Universidade Estadual do Sudoeste da Bahia;"Oliveira, M.N.; Silva, G.S.; Silva, G.S.";Fazenda Corralinho;;Bahia
Melanoxylon brauna Schott;Melanoxylon brauna Schott;-20,795555;-42,847222;gass84,cdpi;HUMAN_OBSERVATION;PRESENT;;;lattes.cnpq.br/3843526011662634;Bom Sucesso Farm;Atlantic Forest;Minas Gerais
Melanoxylon brauna Schott;Melanoxylon brauna Schott;-16,419167;-39,202222;gass84,inmano;PRESERVED_SPECIMEN;PRESENT;CEPEC - Herbário do Centro de Pesquisas do Cacau;CEPEC - Herbário do Centro de Pesquisas do Cacau;Daneu, L.;Estrada da RPPN Estação Veracel 1,5 km da Administação, sentido a saída da Reserva passando ao lado da plataforma.;;Bahia
Melanoxylon brauna Schott;Melanoxylon brauna Schott;-16,419167;-39,202222;gass84,diffown;PRESERVED_SPECIMEN;PRESENT;HUEFS - Herbario da Universidade Estadual de Feira de Santana;HUEFS - Herbario da Universidade Estadual de Feira de Santana;Daneu, L.;Estrada da RPPN Estação Veracel 1,5 Km da Administração, sentido a saída da Reserva passando ao lado da plataforma. Borda de Mata.;;Bahia
Melanoxylon brauna Schott;Melanoxylon brauna Schott;-16,419167;-39,202222;gass84,diffown;PRESERVED_SPECIMEN;PRESENT;MBM - Herbário do Museu Botânico Municipal;MBM - Herbário do Museu Botânico Municipal;"L. Daneu; L.C. Gomes & G.M. Carvalho";Estrada da RPPN Estação Veracel, 1,5km da Administração, sentido a saída da Reserva passando ao lado da plataforma. Borda de Mata;;Bahia
Melanoxylon brauna Schott;Melanoxylon brauna Schott;-16,441667;-39,222222;gass84,diffown;PRESERVED_SPECIMEN;PRESENT;SPF - Herbário da Universidade de São Paulo;SPF - Herbário da Universidade de São Paulo;Daneu, L;RPPN Estação Veracel;;Bahia
Melanoxylon brauna Schott;Melanoxylon brauna Schott;-16,419167;-39,202222;cdround,gass84,rdativ,inmano;PRESERVED_SPECIMEN;PRESENT;Rio de Janeiro Botanical Garden;RB - Rio de Janeiro Botanical Garden Herbarium Collection;"L. Daneu; G.M. Carvalho; L.C. Gomes";Estrada RPPN Estação veracel 1,5 Km da Administração, sentido a saída da Reseva passanmdo ao lado da plataforma.;;Bahia
Melanoxylon brauna Schott;Melanoxylon brauna Schott;-16,419167;-39,202222;cdround,gass84,rdativ,colmafu,inmafu;PRESERVED_SPECIMEN;PRESENT;MBM - Herbário do Museu Botânico Municipal;MBM - Herbário do Museu Botânico Municipal;"L. Daneu;G.M. Carvalho,L.C. Gomes";Estrada da RPPN Estação Veracel, 1,5km da Administração, sentido a saída da Reserva passando ao lado da plataforma. Borda de Mata;;Bahia
Melanoxylon brauna Schott;Melanoxylon brauna Schott;-16,441667;-39,222222;cdround,gass84,rdativ,colmafu,inmafu;PRESERVED_SPECIMEN;PRESENT;SPF - Herbário da Universidade de São Paulo;SPF - Herbário da Universidade de São Paulo;Daneu, L;RPPN Estação Veracel;;Bahia
Melanoxylon brauna Schott;Melanoxylon brauna Schott;-18,215444;-43,208;gass84,ambinst;PRESERVED_SPECIMEN;PRESENT;BHCB - Herbário da Universidade Federal de Minas Gerais;BHCB - Herbário da Universidade Federal de Minas Gerais;"Almeida, TE; Echternacht, LA; Bastos, TV; Santos, AMO";APA Felício, Caminho para a Cachoeira do Sumidouro. Floresta Estacional Semidecidual;;Minas Gerais
Melanoxylon brauna Schott;Melanoxylon brauna Schott;-18,215556;-43,208056;cdround,gass84,rdativ,inmano;PRESERVED_SPECIMEN;PRESENT;Rio de Janeiro Botanical Garden;RB - Rio de Janeiro Botanical Garden Herbarium Collection;"T.E. Almeida; L. Echternacht; T.V. Bastos; A.M.O. Santos";APA Felício, caminho para a Cacheira do Sumidouro.;;Minas Gerais
Melanoxylon brauna Schott;Melanoxylon brauna Schott;-18,215556;-43,208056;gass84,ambinst;PRESERVED_SPECIMEN;PRESENT;HCF - Herbário da Universidade Tecnológica Federal do Paraná Campus Campo Mourão;HCF - Herbário da Universidade Tecnológica Federal do Paraná Campus Campo Mourão;T.E. Almeida;APA Felício, Caminho para a Cachoeira do;;Minas Gerais
Melanoxylon brauna Schott;Melanoxylon brauna Schott;-18,215556;-43,208056;gass84,diffown;PRESERVED_SPECIMEN;PRESENT;MBM - Herbário do Museu Botânico Municipal;MBM - Herbário do Museu Botânico Municipal;"Almeida, T.E.; Echternacht, L.; Bastos, T.V.; Santos, A.M.O.; Echternacht, L.; Bastos, T.V.; Santos, A.M.O.";APA Felício, Caminho para Cachoeira do Sumidouro;;Minas Gerais
Melanoxylon brauna Schott;Melanoxylon brauna Schott;-18,215556;-43,208056;cdround,gass84,rdativ,colmafu,inmafu;PRESERVED_SPECIMEN;PRESENT;HCF - Herbário da Universidade Tecnológica Federal do Paraná Campus Campo Mourão;HCF - Herbário da Universidade Tecnológica Federal do Paraná Campus Campo Mourão;"T.E. Almeida L. Echternacht T.V. Bastos;A.M.O. Santos";;;Minas Gerais
Melanoxylon brauna Schott;Melanoxylon brauna Schott;-18,215556;-43,208056;cdround,elmms,gass84,rdativ,colmafu,inmafu;PRESERVED_SPECIMEN;PRESENT;MBM - Herbário do Museu Botânico Municipal;MBM - Herbário do Museu Botânico Municipal;"Almeida, TE;Almeida, T.E.,Echternacht, L.,Bastos, T.V.,Santos, A.M.O.";APA Felício, Caminho para Cachoeira do Sumidouro;;Minas Gerais
Melanoxylon brauna Schott;Melanoxylon brauna Schott;-19,825;-44,050833;gass84,ambinst;PRESERVED_SPECIMEN;PRESENT;BHCB - Herbário da Universidade Federal de Minas Gerais;BHCB - Herbário da Universidade Federal de Minas Gerais;"Moreira, NC; Borges, KS; Schall, B; Gomes, F; Rodrigues, JG";Condomínio Canto dos Pássaros;;Minas Gerais
Melanoxylon brauna Schott;Melanoxylon brauna Schott;-18,001667;-42,936389;gass84,diffown;PRESERVED_SPECIMEN;PRESENT;HUEFS - Herbario da Universidade Estadual de Feira de Santana;HUEFS - Herbario da Universidade Estadual de Feira de Santana;Cardoso, D.;"Serra do Ambrósio. Saindo de Itamarandiba, segue na estrada asfaltada em direção a Colina; após 3,5 Km, dobrar à direita em estrada de terra para o ""aeroporto""; após 1,3 Km a estrada se divide em quatro, segue pela segunda estrada à direita sentido Tromba";;Minas Gerais
Melanoxylon brauna Schott;Melanoxylon brauna Schott;-20,123889;-44,218889;cdround,gass84,rdativ,inmano;PRESERVED_SPECIMEN;PRESENT;Rio de Janeiro Botanical Garden;RB - Rio de Janeiro Botanical Garden Herbarium Collection;Oliveira, J.G.;Inhotim.;;Minas Gerais
Melanoxylon brauna Schott;Melanoxylon brauna Schott;-21,296944;-41,090278;cdround,gass84,inmano;PRESERVED_SPECIMEN;PRESENT;HUENF;Herbário - Universidade Estadual do Norte Fluminense Darcy Ribeiro;"Archanjo, K.M.P.A.;Nascimento, M.T.";Fazenda Santo Antônio;;Rio de Janeiro
Melanoxylon brauna Schott;Melanoxylon brauna Schott;-10,349167;-36,486389;gass84,inmano;PRESERVED_SPECIMEN;PRESENT;MAC - Herbário do Instituto do Meio Ambiente do Estado de Alagoas;MAC - Herbário do Instituto do Meio Ambiente do Estado de Alagoas;"Coelho, D; Cabral, B; I.A.Bayma";Apiario divisa com Piaçabuçu.;;Alagoas
Melanoxylon brauna Schott;Melanoxylon brauna Schott;-18,820833;-40,539694;gass84,diffown;PRESERVED_SPECIMEN;PRESENT;MBM - Herbário do Museu Botânico Municipal;MBM - Herbário do Museu Botânico Municipal;"A. M. Assis; Nirceu ""apicultor""";Poção;;Espírito Santo
Melanoxylon brauna Schott;Melanoxylon brauna Schott;-18,820833;-40,539722;cdround,gass84,colmafu,inmafu;PRESERVED_SPECIMEN;PRESENT;MBM - Herbário do Museu Botânico Municipal;MBM - Herbário do Museu Botânico Municipal;"A. M. Assis;Nirceu \apicultor";Poção;;Espírito Santo
Melanoxylon brauna Schott;Melanoxylon brauna Schott;-22,640833;-44,726944;gass84,diffown;PRESERVED_SPECIMEN;PRESENT;SPF - Herbário da Universidade de São Paulo;SPF - Herbário da Universidade de São Paulo;Freitas, HS;Fazenda São Domingos.;;São Paulo
Melanoxylon brauna Schott;Melanoxylon brauna Schott;-22,640833;-44,726944;cdround,gass84,inmano;PRESERVED_SPECIMEN;PRESENT;Rio de Janeiro Botanical Garden;RB - Rio de Janeiro Botanical Garden Herbarium Collection;H. Serafim;Fazenda São Domingos. Acesso pelo km 237 da rodovia dos Tropeiros (SP 068).;;São Paulo
Melanoxylon brauna Schott;Melanoxylon brauna Schott;-22,640833;-44,726944;cdround,elmms,gass84,colmafu,inmafu;PRESERVED_SPECIMEN;PRESENT;SPF - Herbário da Universidade de São Paulo;SPF - Herbário da Universidade de São Paulo;Freitas, HS;Fazenda São Domingos.;;São Paulo
Melanoxylon brauna Schott;Melanoxylon brauna Schott;-19,411222;-43,422472;gass84,diffown;PRESERVED_SPECIMEN;PRESENT;SPF - Herbário da Universidade de São Paulo;SPF - Herbário da Universidade de São Paulo;Santos, MF;APA Morro da Pedreira;;Minas Gerais
Melanoxylon brauna Schott;Melanoxylon brauna Schott;-19,414444;-43,431333;gass84,diffown;PRESERVED_SPECIMEN;PRESENT;SPF - Herbário da Universidade de São Paulo;SPF - Herbário da Universidade de São Paulo;Santos, MF;APA Morro da Pedreira;;Minas Gerais
Melanoxylon brauna Schott;Melanoxylon brauna Schott;-19,411111;-43,4225;cdround,gass84,colmafu,inmafu;PRESERVED_SPECIMEN;PRESENT;SPF - Herbário da Universidade de São Paulo;SPF - Herbário da Universidade de São Paulo;Santos, MF;APA Morro da Pedreira;;Minas Gerais
Melanoxylon brauna Schott;Melanoxylon brauna Schott;-19,414444;-43,431389;cdround,gass84,colmafu,inmafu;PRESERVED_SPECIMEN;PRESENT;SPF - Herbário da Universidade de São Paulo;SPF - Herbário da Universidade de São Paulo;Santos, MF;APA Morro da Pedreira;;Minas Gerais
Melanoxylon brauna Schott;Melanoxylon brauna Schott;-19,414444;-43,431111;cdround,gass84,colmafu,inmafu;PRESERVED_SPECIMEN;PRESENT;UB - Herbário da Universidade de Brasília;UB - Herbário da Universidade de Brasília;"Santos, M.F.; Serafim, H.";;;Minas Gerais
Melanoxylon brauna Schott;Melanoxylon brauna Schott;-19,411111;-43,422222;cdround,gass84,inmano;PRESERVED_SPECIMEN;PRESENT;Rio de Janeiro Botanical Garden;RB - Rio de Janeiro Botanical Garden Herbarium Collection;"M.F. Santos; H. Serafim";Distrito de Santana do Rio Preto (Cabeça de Boi). APA do Parque Nacional da Serra do Cipó. Interior da mata, próximo à casa de José Fernandes.;;Minas Gerais
Melanoxylon brauna Schott;Melanoxylon brauna Schott;-10,032222;-36,298611;gass84,diffown;PRESERVED_SPECIMEN;PRESENT;JPB - Herbário Lauro Pires Xavier;JPB - Herbário Lauro Pires Xavier;"Lima, HC; Filardi, FLR; Ribeiro, RD; Silva, AG";Área da Usina Coruripe, Fazenda Poção;;Alagoas
Melanoxylon brauna Schott;Melanoxylon brauna Schott;-10,049167;-36,273611;gass84,diffown;PRESERVED_SPECIMEN;PRESENT;JPB - Herbário Lauro Pires Xavier;JPB - Herbário Lauro Pires Xavier;"Lima, HC; Filardi, FLR; Ribeiro, RD; Silva, AG";Área da usina Couripe. Fazenda Capiatã, Sítio Pau Brasil.;;Alagoas
Melanoxylon brauna Schott;Melanoxylon brauna Schott;-10,049167;-36,273611;cdround,gass84,inmano;PRESERVED_SPECIMEN;PRESENT;Rio de Janeiro Botanical Garden;RB - Rio de Janeiro Botanical Garden Herbarium Collection;"Haroldo C. de Lima; F. L.R.Filardi,R. D. Ribeiro & A. G. da Silva";Área da Usina Coruripe, Fazenda Capiatã, Sitio Pau Brasil. Fragmento de mata em grota. .;;Alagoas
Melanoxylon brauna Schott;Melanoxylon brauna Schott;-10,032222;-36,298611;cdround,gass84,inmano;PRESERVED_SPECIMEN;PRESENT;Rio de Janeiro Botanical Garden;RB - Rio de Janeiro Botanical Garden Herbarium Collection;"Haroldo C. de Lima; F. L.R.Filardi,R. D. Ribeiro  &  A. G. da Silva";Área da Usina Cururipe, Fazenda Poção. Fragmento de mata em platô (chã).;;Alagoas
Melanoxylon brauna Schott;Melanoxylon brauna Schott;-19,123889;-43,841944;cdround,gass84,rdativ,inmano;PRESERVED_SPECIMEN;PRESENT;Rio de Janeiro Botanical Garden;RB - Rio de Janeiro Botanical Garden Herbarium Collection;"Kamino L.H.Y; Maielo Silva L";Pousada Vale da Pedras.;;Minas Gerais
Melanoxylon brauna Schott;Melanoxylon brauna Schott;-19,018333;-43,771667;cdround,gass84,rdativ,inmano;PRESERVED_SPECIMEN;PRESENT;Rio de Janeiro Botanical Garden;RB - Rio de Janeiro Botanical Garden Herbarium Collection;"Kamino L.H.Y; Maielo Silva L";Tabuleiro, Fazenda Santa Rita de Cássia.;;Minas Gerais
Melanoxylon brauna Schott;Melanoxylon brauna Schott;-22,642778;-44,656667;gass84,diffown;PRESERVED_SPECIMEN;PRESENT;SPF - Herbário da Universidade de São Paulo;SPF - Herbário da Universidade de São Paulo;Freitas, HS;Fazenda Atibaia.;;São Paulo
Melanoxylon brauna Schott;Melanoxylon brauna Schott;-22,642778;-44,656667;cdround,gass84,inmano;PRESERVED_SPECIMEN;PRESENT;Rio de Janeiro Botanical Garden;RB - Rio de Janeiro Botanical Garden Herbarium Collection;H. Serafim;São José do Barreiro: Fazenda Atibaia. Acesso pelo km 258 da Rod. dos Tropeiros (SP 068).;;São Paulo
Melanoxylon brauna Schott;Melanoxylon brauna Schott;-22,642778;-44,656667;cdround,elmms,gass84,colmafu,inmafu;PRESERVED_SPECIMEN;PRESENT;SPF - Herbário da Universidade de São Paulo;SPF - Herbário da Universidade de São Paulo;Freitas, HS;Fazenda Atibaia.;;São Paulo
Melanoxylon brauna Schott;Melanoxylon brauna Schott;-21,321667;-41,119722;cdround,gass84,inmano;PRESERVED_SPECIMEN;PRESENT;HUENF;Herbário - Universidade Estadual do Norte Fluminense Darcy Ribeiro;"Archanjo, K.M.P.A.;Nascimento, M.T.";Fazenda Palmeiras;;Rio de Janeiro
Melanoxylon brauna Schott;Melanoxylon brauna Schott;-21,335833;-41,138333;cdround,gass84,inmano;PRESERVED_SPECIMEN;PRESENT;HUENF;Herbário - Universidade Estadual do Norte Fluminense Darcy Ribeiro;"Archanjo, K.M.P.A.;Nascimento, M.T.";Fazenda Santana;;Rio de Janeiro
Melanoxylon brauna Schott;Melanoxylon brauna Schott;-22,642778;-44,656667;cdround,gass84,colmafu,inmafu;PRESERVED_SPECIMEN;PRESENT;UB - Herbário da Universidade de Brasília;UB - Herbário da Universidade de Brasília;Serafim, H.;;;São Paulo
Melanoxylon brauna Schott;Melanoxylon brauna Schott;-11,966667;-40,768889;gass84,diffown;PRESERVED_SPECIMEN;PRESENT;MBM - Herbário do Museu Botânico Municipal;MBM - Herbário do Museu Botânico Municipal;Queiroz, E.P.;Fazendas Reunidas S e F, Margem do rio Água Branca;;Bahia
Melanoxylon brauna Schott;Melanoxylon brauna Schott;-11,966667;-40,768889;cdround,gass84,colmafu,inmafu;PRESERVED_SPECIMEN;PRESENT;MBM - Herbário do Museu Botânico Municipal;MBM - Herbário do Museu Botânico Municipal;"Queiroz, EP;Queiroz, E.P.";Fazendas Reunidas S e F, Margem do rio Água Branca;;Bahia
Melanoxylon brauna Schott;Melanoxylon brauna Schott;-18,984167;-40,662222;gass84,diffown;PRESERVED_SPECIMEN;PRESENT;HUEFS - Herbario da Universidade Estadual de Feira de Santana;HUEFS - Herbario da Universidade Estadual de Feira de Santana;Demuner, V.;Santa Luzia, propr.: Ciro Ferreira.;;Espírito Santo
Melanoxylon brauna Schott;Melanoxylon brauna Schott;-18,994167;-40,696111;gass84,diffown;PRESERVED_SPECIMEN;PRESENT;HUEFS - Herbario da Universidade Estadual de Feira de Santana;HUEFS - Herbario da Universidade Estadual de Feira de Santana;Demuner, V.;Córrego Taquaral, Santa Luzia, propr. José Rochinha.;;Espírito Santo
Melanoxylon brauna Schott;Melanoxylon brauna Schott;-18,994167;-40,696111;gass84,diffown;PRESERVED_SPECIMEN;PRESENT;MBM - Herbário do Museu Botânico Municipal;MBM - Herbário do Museu Botânico Municipal;"V. Demuner; T. Cruz, M. Belizário e Elias Bausen.";Córrego Taquaral, Santa Luzia, propr.: José Rochinha;;Espírito Santo
Melanoxylon brauna Schott;Melanoxylon brauna Schott;-18,984167;-40,662222;gass84,diffown;PRESERVED_SPECIMEN;PRESENT;MBM - Herbário do Museu Botânico Municipal;MBM - Herbário do Museu Botânico Municipal;"V. Demuner; T. Cruz, M. Belizário e Elias Bausen.";Santa Luzia, propr.: Ciro Ferreira;;Espírito Santo
Melanoxylon brauna Schott;Melanoxylon brauna Schott;-18,984167;-40,662222;cdround,gass84,rdativ,inmano;PRESERVED_SPECIMEN;PRESENT;Rio de Janeiro Botanical Garden;RB - Rio de Janeiro Botanical Garden Herbarium Collection;"V. Demuner; T. Cruz, M. Belisário & Elias Bausen";Santa Luzia, propr: Ciro Ferreira.;;Espírito Santo
Melanoxylon brauna Schott;Melanoxylon brauna Schott;-18,994167;-40,696111;cdround,gass84,rdativ,inmano;PRESERVED_SPECIMEN;PRESENT;Rio de Janeiro Botanical Garden;RB - Rio de Janeiro Botanical Garden Herbarium Collection;"V. Demuner; T. Cruz, M. Belizário & Elias Bausen";Córrego Taquaral, Santa Luzia, prop: José Rochinha.;;Espírito Santo
Melanoxylon brauna Schott;Melanoxylon brauna Schott;-18,994167;-40,696111;cdround,gass84,rdativ,colmafu,inmafu;PRESERVED_SPECIMEN;PRESENT;MBM - Herbário do Museu Botânico Municipal;MBM - Herbário do Museu Botânico Municipal;"V. Demuner;T. Cruz, M. Belizário e Elias Bausen.";Córrego Taquaral, Santa Luzia, propr.: José Rochinha;;Espírito Santo
Melanoxylon brauna Schott;Melanoxylon brauna Schott;-18,984167;-40,662222;cdround,gass84,rdativ,colmafu,inmafu;PRESERVED_SPECIMEN;PRESENT;MBM - Herbário do Museu Botânico Municipal;MBM - Herbário do Museu Botânico Municipal;"V. Demuner;T. Cruz, M. Belizário e Elias Bausen.";Santa Luzia, propr.: Ciro Ferreira;;Espírito Santo
Melanoxylon brauna Schott;Melanoxylon brauna Schott;-21,321667;-41,119722;cdround,gass84,inmano;PRESERVED_SPECIMEN;PRESENT;HUENF;Herbário - Universidade Estadual do Norte Fluminense Darcy Ribeiro;"Nascimento, M.T.;Dan, M.L.,Ribeiro, A.C.C.";Fazenda Palmeiras;;Rio de Janeiro
Melanoxylon brauna Schott;Melanoxylon brauna Schott;-19,891611;-43,915972;gass84,ambinst;PRESERVED_SPECIMEN;PRESENT;BHCB - Herbário da Universidade Federal de Minas Gerais;BHCB - Herbário da Universidade Federal de Minas Gerais;Felix, DF;Museu de História Natural e Jardim Botânico UFMG, Coletada na mata do cipozão e mata da Psychotria. Áreas 1 e 4.;;Minas Gerais
Melanoxylon brauna Schott;Melanoxylon brauna Schott;-11,625278;-40,992778;gass84,diffown;PRESERVED_SPECIMEN;PRESENT;HUEFS - Herbario da Universidade Estadual de Feira de Santana;HUEFS - Herbario da Universidade Estadual de Feira de Santana;Cardoso, D.;Cachoeira do Ferro-Doido.;;Bahia
Melanoxylon brauna Schott;Melanoxylon brauna Schott;-9,922986;-36,476217;gass84,inmano;PRESERVED_SPECIMEN;PRESENT;MAC - Herbário do Instituto do Meio Ambiente do Estado de Alagoas;MAC - Herbário do Instituto do Meio Ambiente do Estado de Alagoas;A.L.S.Santos;Povoado Olho D'água.;;Alagoas
Melanoxylon brauna Schott;Melanoxylon brauna Schott;-19,886389;-43,806667;gass84,inmano;PRESERVED_SPECIMEN;PRESENT;Funed-Pol - Coleção de lâminas de grãos de pólen;Funed-Pol - Coleção de lâminas de grãos de pólen;Dora Jacob;Sabará;;Minas Gerais
Melanoxylon brauna Schott;Melanoxylon brauna Schott;-12,302778;-40,487222;gass84,diffown;PRESERVED_SPECIMEN;PRESENT;HUEFS - Herbario da Universidade Estadual de Feira de Santana;HUEFS - Herbario da Universidade Estadual de Feira de Santana;Queiroz, L.P.de;Serra do Orobó, caminho para o Pátio das Orquídeas.;;Bahia
Melanoxylon brauna Schott;Melanoxylon brauna Schott;-13,691667;-44,042222;gass84,diffown;PRESERVED_SPECIMEN;PRESENT;HUEFS - Herbario da Universidade Estadual de Feira de Santana;HUEFS - Herbario da Universidade Estadual de Feira de Santana;Queiroz, L.P.de;Ca. 37 Km S de São Félix do Coribe na estrada para Alagoinhas.;;Bahia
Melanoxylon brauna Schott;Melanoxylon brauna Schott;-13,691666;-44,042222;gass84,osiic,inmano;PRESERVED_SPECIMEN;PRESENT;CEN - Herbário da Embrapa Recursos Genéticos e Biotecnologia;CEN - Herbário da Embrapa Recursos Genéticos e Biotecnologia;Luciano Paganucci de Queiroz;Na estrada para Alagoinhas;;Bahia
Melanoxylon brauna Schott;Melanoxylon brauna Schott;-13,691667;-44,042222;cdround,gass84,incomis,inmafu;PRESERVED_SPECIMEN;PRESENT;CEN - Herbário da Embrapa Recursos Genéticos e Biotecnologia;CEN - Herbário da Embrapa Recursos Genéticos e Biotecnologia;Luciano Paganucci de Queiroz;Na estrada para Alagoinhas;;Bahia
Melanoxylon brauna Schott;Melanoxylon brauna Schott;-22,6175;-42,291389;gass84,inmano;PRESERVED_SPECIMEN;PRESENT;UEC - Herbário da Universidade Estadual de Campinas;UEC - Herbário da Universidade Estadual de Campinas;Lima, HC;Estrada para São Vicente de Paula, RJ-136, cerca de 2 Km antes de S.V. de Paula.;;Rio de Janeiro
Melanoxylon brauna Schott;Melanoxylon brauna Schott;-22,8769601;-42,34320882;cdrep,colmafu;PRESERVED_SPECIMEN;PRESENT;The New York Botanical Garden;Vascular plants;H. C. de Lima;Estrada para São Vicente de Paula, RJ-136, ca. de 2 km antes de S. V. de Paula.;;Rio de Janeiro
Melanoxylon brauna Schott;Melanoxylon brauna Schott;-22,873056;-42,343056;cdround,gass84,colmafu,inmafu;PRESERVED_SPECIMEN;PRESENT;NY;;H. C. de Lima;Estrada para São Vicente de Paula, RJ-136, ca. de 2 km antes de S. V. de Paula.;;Rio de Janeiro
Melanoxylon brauna Schott;Melanoxylon brauna Schott;-13,944722;-41,058333;gass84,inmano;PRESERVED_SPECIMEN;PRESENT;HUESB - Herbário da Universidade Estadual do Sudoeste da Bahia;HUESB - Herbário da Universidade Estadual do Sudoeste da Bahia;"Macedo, G.E.L.; AF. Souza, LB Freitas; AF. Souza, LB Freitas";Fazenda Brejo Novo, Fazenda Brejo Novo, a 10,5 Km da Av. Otávio Mangabeira entrando pela Av. Exupério Miranda no Bairro do Mandacarú.;;Bahia
Melanoxylon brauna Schott;Melanoxylon brauna Schott;-13,944722;-40,109167;cdround,gass84,rdativ,inmano;PRESERVED_SPECIMEN;PRESENT;Rio de Janeiro Botanical Garden;RB - Rio de Janeiro Botanical Garden Herbarium Collection;"GELMacedo; AF. Souza, L.B.Freiras";Fazenda brejo Novo, a 10,5Km da Av.Otávio Mangabeira, entrando pela Av.Exupério Miranda no Bairro do Mandacarú.;;Bahia
Melanoxylon brauna Schott;Melanoxylon brauna Schott;-9,370348;-36,23929;gass84,inmano;PRESERVED_SPECIMEN;PRESENT;MAC - Herbário do Instituto do Meio Ambiente do Estado de Alagoas;MAC - Herbário do Instituto do Meio Ambiente do Estado de Alagoas;M.A.B.L.Machado;Usina Coruripe - Fazenda Capiatã A - Bloco Top Less.;;Alagoas
Melanoxylon brauna Schott;Melanoxylon brauna Schott;-13,944722;-41,058333;gass84,inmano;PRESERVED_SPECIMEN;PRESENT;HUESB - Herbário da Universidade Estadual do Sudoeste da Bahia;HUESB - Herbário da Universidade Estadual do Sudoeste da Bahia;"Macedo, G.E.L.; Paixão, J.L.; Paixão, J.L.";Fazenda Brejo Novo, Fazenda Brejo Novo, a 10,5 Km da Av. Otávio Mangabeira entrando pela Av. Exupério Miranda no Bairro do Mandacarú.;;Bahia
Melanoxylon brauna Schott;Melanoxylon brauna Schott;-13,944722;-40,109444;cdround,gass84,rdativ,inmano;PRESERVED_SPECIMEN;PRESENT;Rio de Janeiro Botanical Garden;RB - Rio de Janeiro Botanical Garden Herbarium Collection;"GELMACEDO; J.L. PAIXÃO";FAZENDA BREJO NOVO, A 10,5KM DA AV. OTÁVIO MANGABEIRA PELA EXUPÉRIO MIRANDA NO BAIRRO DO MANDACARU. .;;Bahia
Melanoxylon brauna Schott;Melanoxylon brauna Schott;-19,857222;-42,508056;gass84,ambinst;PRESERVED_SPECIMEN;PRESENT;BHCB - Herbário da Universidade Federal de Minas Gerais;BHCB - Herbário da Universidade Federal de Minas Gerais;França, GS;Lagoa das Piabas.;;Minas Gerais
Melanoxylon brauna Schott;Melanoxylon brauna Schott;-19,857222;-42,508056;gass84,diffown;PRESERVED_SPECIMEN;PRESENT;HUEFS - Herbario da Universidade Estadual de Feira de Santana;HUEFS - Herbario da Universidade Estadual de Feira de Santana;França, G.S.;Lagoa das Piabas.;;Minas Gerais
Melanoxylon brauna Schott;Melanoxylon brauna Schott;-13,716667;-39,133333;gass84,incomis,inmafu;PRESERVED_SPECIMEN;PRESENT;ALCB - Herbário Alexandre Leal Costa;ALCB - Herbário Alexandre Leal Costa;"Guedes, ML; Loureiro, DM; Magalhães, LO; Meyer, LMN; Bispo, RB";Litoral Sul, Cachoeira da Pancada Grande;;Bahia
Melanoxylon brauna Schott;Melanoxylon brauna Schott;-13,716667;-39,133333;cdround,gass84,colmafu,inmafu;PRESERVED_SPECIMEN;PRESENT;ALCB - Herbário Alexandre Leal Costa;ALCB - Herbário Alexandre Leal Costa;"Guedes, ML;Meyer, LMN,Magalhães, LO,Loureiro, DM,Bispo, RB";Litoral Sul, Cachoeira da Pancada Grande;;Bahia
Melanoxylon brauna Schott;Melanoxylon brauna Schott;-10,063056;-36,337778;gass84,inmano;PRESERVED_SPECIMEN;PRESENT;MAC - Herbário do Instituto do Meio Ambiente do Estado de Alagoas;MAC - Herbário do Instituto do Meio Ambiente do Estado de Alagoas;M.A.B.L.Machado;Usina Coruripe, Fazenda Riachão - Camondongo.;;Alagoas
Melanoxylon brauna Schott;Melanoxylon brauna Schott;-13,485;-40,407222;gass84,diffown;PRESERVED_SPECIMEN;PRESENT;HUEFS - Herbario da Universidade Estadual de Feira de Santana;HUEFS - Herbario da Universidade Estadual de Feira de Santana;Leite, K.R.B;Fazenda Vale Aprazível (propriedade do Sr. Fernando Carvalho);;Bahia
Melanoxylon brauna Schott;Melanoxylon brauna Schott;-11,55;-37,783333;gass84,diffown;PRESERVED_SPECIMEN;PRESENT;HUEFS - Herbario da Universidade Estadual de Feira de Santana;HUEFS - Herbario da Universidade Estadual de Feira de Santana;Costa, J.;Próximo ao povoado de Costa Azul.;;Bahia
Melanoxylon brauna Schott;Melanoxylon brauna Schott;-11,55;-37,783333;gass84,incomis,inmafu;PRESERVED_SPECIMEN;PRESENT;ALCB - Herbário Alexandre Leal Costa;ALCB - Herbário Alexandre Leal Costa;"Costa, J; Costa, CBN";Litoral Norte, próximo ao povoado de Costa Azul.;;Bahia
Melanoxylon brauna Schott;Melanoxylon brauna Schott;-11,55;-37,783333;cdround,gass84,colmafu,inmafu;PRESERVED_SPECIMEN;PRESENT;ALCB - Herbário Alexandre Leal Costa;ALCB - Herbário Alexandre Leal Costa;"Costa, J;Costa, CBN";Litoral Norte, próximo ao povoado de Costa Azul.;;Bahia
Melanoxylon brauna Schott;Melanoxylon brauna Schott;-11,227742;-36,176061;gass84,inmano;PRESERVED_SPECIMEN;PRESENT;MAC - Herbário do Instituto do Meio Ambiente do Estado de Alagoas;MAC - Herbário do Instituto do Meio Ambiente do Estado de Alagoas;M.A.B.L.Machado;Usina Coruripe, Fazenda Riachão.;;Alagoas
Melanoxylon brauna Schott;Melanoxylon brauna Schott;-10,128333;-36,279722;gass84,inmano;PRESERVED_SPECIMEN;PRESENT;MAC - Herbário do Instituto do Meio Ambiente do Estado de Alagoas;MAC - Herbário do Instituto do Meio Ambiente do Estado de Alagoas;"M.A.B.L.Machado; et al.";Usina Coruripe, Fazenda Santo Antônio A, mata da garagem.;;Alagoas
Melanoxylon brauna Schott;Melanoxylon brauna Schott;-9,372803;-36,243261;gass84,inmano;PRESERVED_SPECIMEN;PRESENT;MAC - Herbário do Instituto do Meio Ambiente do Estado de Alagoas;MAC - Herbário do Instituto do Meio Ambiente do Estado de Alagoas;"I.A.Bayma; M.A.B.L.Machado";Usina Coruripe, fazenda Progresso, Bloco 70, Borrione.;;Alagoas
Melanoxylon brauna Schott;Melanoxylon brauna Schott;-19,76611;-42,65389;gass84,osiic,inmano;PRESERVED_SPECIMEN;PRESENT;CEN - Herbário da Embrapa Recursos Genéticos e Biotecnologia;CEN - Herbário da Embrapa Recursos Genéticos e Biotecnologia;João Marcelo de Rezende;Sítio Velho do Paulino / CAF. perto do PFERD.;;Mg
Melanoxylon brauna Schott;Melanoxylon brauna Schott;-16,266667;-39,016667;gass84,incomis,inmafu;PRESERVED_SPECIMEN;PRESENT;ALCB - Herbário Alexandre Leal Costa;ALCB - Herbário Alexandre Leal Costa;Pacheco, LM;Extremo Sul, Estação Veracruz;;Bahia
Melanoxylon brauna Schott;Melanoxylon brauna Schott;-20,8;-42,85;cudc,gass84;OBSERVATION;PRESENT;Federal University of Vicosa (UFV/LEEP);FSN_DynamicsPlotData_2001-2010;;;;
Melanoxylon brauna Schott;Melanoxylon brauna Schott;-16,266667;-39,016667;cdround,gass84,colmafu,inmafu;PRESERVED_SPECIMEN;PRESENT;ALCB - Herbário Alexandre Leal Costa;ALCB - Herbário Alexandre Leal Costa;Pacheco, LM;Extremo Sul, Estação Veracruz;;
Melanoxylon brauna Schott;Melanoxylon brauna Schott;-9,372803;-36,243261;gass84,inmano;PRESERVED_SPECIMEN;PRESENT;MAC - Herbário do Instituto do Meio Ambiente do Estado de Alagoas;MAC - Herbário do Instituto do Meio Ambiente do Estado de Alagoas;R.P.Lyra-Lemos;Próximo à Usina Coruripe.;;
Melanoxylon brauna Schott;Melanoxylon brauna Schott;-16,323333;-39,584722;gass84,diffown;PRESERVED_SPECIMEN;PRESENT;HUEFS - Herbario da Universidade Estadual de Feira de Santana;HUEFS - Herbario da Universidade Estadual de Feira de Santana;Santos, A.A.;BA - BR 101, 4 km após Eunápolis, sentido Eunápolis - Salvador.;;
Melanoxylon brauna Schott;Melanoxylon brauna Schott;-16,32333;-39,58472;gass84,osiic,inmano;PRESERVED_SPECIMEN;PRESENT;CEN - Herbário da Embrapa Recursos Genéticos e Biotecnologia;CEN - Herbário da Embrapa Recursos Genéticos e Biotecnologia;Aécio Amaral-Santos;BR 101, 4 km após Eunápolis, sentido Eunápolis - Salvador.;;
Melanoxylon brauna Schott;Melanoxylon brauna Schott;-20,225278;-42,499444;cdround,gass84,inmano;PRESERVED_SPECIMEN;PRESENT;Rio de Janeiro Botanical Garden;RB - Rio de Janeiro Botanical Garden Herbarium Collection;F.B. Pereira;Mun. Abre Campo, 1º Distrito Cachoeira Fazenda Cachoeira.;;
Melanoxylon brauna Schott;Melanoxylon brauna Schott;-16,333333;-39,166666;gass84,osiic,inmano;PRESERVED_SPECIMEN;PRESENT;CEN - Herbário da Embrapa Recursos Genéticos e Biotecnologia;CEN - Herbário da Embrapa Recursos Genéticos e Biotecnologia;Ednea Moraes Ferreira;Estação Pau Brasil - CEPLAC.;;
Melanoxylon brauna Schott;Melanoxylon brauna Schott;-15,283333;-39,066667;gass84,incomis,inmafu;PRESERVED_SPECIMEN;PRESENT;ALCB - Herbário Alexandre Leal Costa;ALCB - Herbário Alexandre Leal Costa;"Argôlo, AS; Guedes, ML; Carvalho, G";Litoral Sul, Faz. Marajoara;;
Melanoxylon brauna Schott;Melanoxylon brauna Schott;-15,283333;-39,066667;cdround,gass84,rdativ,colmafu,inmafu;PRESERVED_SPECIMEN;PRESENT;ALCB - Herbário Alexandre Leal Costa;ALCB - Herbário Alexandre Leal Costa;"Argôlo, AS;Guedes, ML,Carvalho, G";Litoral Sul, Faz. Marajoara;;
Melanoxylon brauna Schott;Melanoxylon brauna Schott;-16,333333;-39,166667;cdround,gass84,rdativ,incomis,inmafu;PRESERVED_SPECIMEN;PRESENT;CEN - Herbário da Embrapa Recursos Genéticos e Biotecnologia;CEN - Herbário da Embrapa Recursos Genéticos e Biotecnologia;Ednea Moraes Ferreira;Estação Pau Brasil - CEPLAC.;;
Melanoxylon brauna Schott;Melanoxylon brauna Schott;-16,266667;-39,016667;gass84,incomis,inmafu;PRESERVED_SPECIMEN;PRESENT;ALCB - Herbário Alexandre Leal Costa;ALCB - Herbário Alexandre Leal Costa;"Lima, SS dos; Guedes, ML; Cabral, LCC; Oliveira, H";Extremo Sul, Mata cara-branca, projeto CEDRO;;
Melanoxylon brauna Schott;Melanoxylon brauna Schott;-16,266667;-39,016667;cdround,gass84,colmafu,inmafu;PRESERVED_SPECIMEN;PRESENT;ALCB - Herbário Alexandre Leal Costa;ALCB - Herbário Alexandre Leal Costa;"Lima, SS dos;Guedes, ML,Oliveira, H,Cabral, LCC";Extremo Sul, Mata cara-branca, projeto CEDRO;;
Melanoxylon brauna Schott;Melanoxylon brauna Schott;-22,55;-43,266667;cdround,gass84,inmano;PRESERVED_SPECIMEN;PRESENT;Rio de Janeiro Botanical Garden;RB - Rio de Janeiro Botanical Garden Herbarium Collection;"S. J. Silva Nato; et al.";Trilha ao redor bda barragem, lado direito, interior de mata. Reserva da Petrobras;;
Melanoxylon brauna Schott;Melanoxylon brauna Schott;-22,55;-43,266667;gass84,colmafu;PRESERVED_SPECIMEN;PRESENT;The New York Botanical Garden;Vascular plants;S. J. da Silva Neto;Trilha ao redor bda barragem, lado direito, interior de mata. Reserva da Petrobras;;
Melanoxylon brauna Schott;Melanoxylon brauna Schott;-14,683333;-39,116667;gass84,incomis,inmafu;PRESERVED_SPECIMEN;PRESENT;ALCB - Herbário Alexandre Leal Costa;ALCB - Herbário Alexandre Leal Costa;"Mattos Silva, LA; Florêncio, CS; Jesus, JA de; Pimentel, JMA";Litoral Sul, Fazenda Nossa Senhora de Fátima, km 2 do ramal para Japu, com entrada no km 14 da Rod. Ilhéus/Itabuna, lado esquerdo.;;
Melanoxylon brauna Schott;Melanoxylon brauna Schott;-22,5;-42,25;gass84,rdativ,inmano;PRESERVED_SPECIMEN;PRESENT;Rio de Janeiro Botanical Garden;RB - Rio de Janeiro Botanical Garden Herbarium Collection;"C.Luchiari; et al.";Est. Juturnaiba, direita - Km 8. Reserva Biólogica de Poço das Antas;;
Melanoxylon brauna Schott;Melanoxylon brauna Schott;-14,683333;-39,116667;cdround,elmms,gass84,colmafu,inmafu;PRESERVED_SPECIMEN;PRESENT;ALCB - Herbário Alexandre Leal Costa;ALCB - Herbário Alexandre Leal Costa;"Mattos Silva, LA;Jesus, JA de,Florêncio, CS,Pimentel, JMA";Litoral Sul, Fazenda Nossa Senhora de Fátima, km 2 do ramal para Japu, com entrada no km 14 da Rod. Ilhéus/Itabuna, lado esquerdo.;;
Melanoxylon brauna Schott;Melanoxylon brauna Schott;-22,55;-43,266667;cdround,gass84,rdativ,inmano;PRESERVED_SPECIMEN;PRESENT;Rio de Janeiro Botanical Garden;RB - Rio de Janeiro Botanical Garden Herbarium Collection;"H.C. de Lima; et al.";flora de Saracuruna. Rio Pedra Branca. Reserva da Petrobras;;
Melanoxylon brauna Schott;Melanoxylon brauna Schott;-14,28149543;-38,99658362;cdrep,colmafu;PRESERVED_SPECIMEN;PRESENT;The New York Botanical Garden;Vascular plants;A. M. Amorim;Estrada Itacaré/Serra Grande, a partir de 6 km da sede do município;Mata higrófila sul baiana;
Melanoxylon brauna Schott;Melanoxylon brauna Schott;-14,277778;-38,996667;cdround,gass84,rdativ,colmafu,inmafu;PRESERVED_SPECIMEN;PRESENT;NY;;A. M. Amorim;Estrada Itacaré/Serra Grande, a partir de 6 km da sede do município;;
Melanoxylon brauna Schott;Melanoxylon brauna Schott;-15,283333;-39,066667;gass84,inmano;PRESERVED_SPECIMEN;PRESENT;CEPEC - Herbário do Centro de Pesquisas do Cacau;CEPEC - Herbário do Centro de Pesquisas do Cacau;A. Argolo;Faz. Marajoara.;;
Melanoxylon brauna Schott;Melanoxylon brauna Schott;-12,0475;-37,723333;gass84,diffown;PRESERVED_SPECIMEN;PRESENT;IPA - Herbário - IPA Dárdano de Andrade Lima;IPA - Herbário - IPA Dárdano de Andrade Lima;Silva, L.N.;Fazenda do Bu, próximo a cancela da trilha 1 da Mata da Mare;;
Melanoxylon brauna Schott;Melanoxylon brauna Schott;-12,0475;-43,4;gass84,colmafu,inmafu;PRESERVED_SPECIMEN;PRESENT;UESC - Herbário Universidade Estadual de Santa Cruz;UESC - Herbário Universidade Estadual de Santa Cruz;Silva, L.N.;;;
Melanoxylon brauna Schott;Melanoxylon brauna Schott;-21,391389;-41,094444;cdround,gass84,inmano;PRESERVED_SPECIMEN;PRESENT;HUENF;Herbário - Universidade Estadual do Norte Fluminense Darcy Ribeiro;"Nascimento, M.T.;Da Silva, G.C.";Mata do Carvão Estação Ecológica Estadual de Guaxindiba;;
Melanoxylon brauna Schott;Melanoxylon brauna Schott;-12,046944;-37,72;gass84,gdativ,txmatfuz,inmano;PRESERVED_SPECIMEN;PRESENT;Instituto Nacional de Pesquisas da Amazônia (INPA);Coleção Botânica, Instituto Nacional de Pesquisas da Amazônia (INPA);Mike Hopkins;Fazenda do Bu. Mata da Maré. Floresta Ombrófila Aberta.;;
Melanoxylon brauna Schott;Melanoxylon brauna Schott;-22,5;-42,25;gass84,rdativ,inmano;PRESERVED_SPECIMEN;PRESENT;Rio de Janeiro Botanical Garden;RB - Rio de Janeiro Botanical Garden Herbarium Collection;"D.S.Farias; et al.";Trilha Rodolfo Sul. Reserva Biológica de Poço das Antas;;
Melanoxylon brauna Schott;Melanoxylon brauna Schott;-9,954264;-36,824558;gass84,inmano;PRESERVED_SPECIMEN;PRESENT;MAC - Herbário do Instituto do Meio Ambiente do Estado de Alagoas;MAC - Herbário do Instituto do Meio Ambiente do Estado de Alagoas;"C.S.S.Barros; I.A.Bayma";;;
Melanoxylon brauna Schott;Melanoxylon brauna Schott;-12,046944;-37,715556;gass84,diffown;PRESERVED_SPECIMEN;PRESENT;IPA - Herbário - IPA Dárdano de Andrade Lima;IPA - Herbário - IPA Dárdano de Andrade Lima;"Jost, T.; et al.; et al.";Fazenda do Bu, Mata da Mare;;
Melanoxylon brauna Schott;Melanoxylon brauna Schott;-12,046944;-37,715556;gass84,inmano;PRESERVED_SPECIMEN;PRESENT;CEPEC - Herbário do Centro de Pesquisas do Cacau;CEPEC - Herbário do Centro de Pesquisas do Cacau;T. Jost;Fazenda do Bu.mata da Maré.;;
Melanoxylon brauna Schott;Melanoxylon brauna Schott;-12,046944;-37,715556;gass84,diffown;PRESERVED_SPECIMEN;PRESENT;HUEFS - Herbario da Universidade Estadual de Feira de Santana;HUEFS - Herbario da Universidade Estadual de Feira de Santana;Jost, T.;Fazenda do Bu, Mata da Maré.;;
Melanoxylon brauna Schott;Melanoxylon brauna Schott;-12,046944;-37,715556;gass84,incomis,inmafu;PRESERVED_SPECIMEN;PRESENT;ALCB - Herbário Alexandre Leal Costa;ALCB - Herbário Alexandre Leal Costa;Jost, T;Fazenda do BU, mata da Maré;;
Melanoxylon brauna Schott;Melanoxylon brauna Schott;-12,046944;-37,715556;cdround,gass84,colmafu,inmafu;PRESERVED_SPECIMEN;PRESENT;ALCB - Herbário Alexandre Leal Costa;ALCB - Herbário Alexandre Leal Costa;Jost, T;Fazenda do BU, mata da Maré;;
Melanoxylon brauna Schott;Melanoxylon brauna Schott;-21,98494544;-42,36820984;cdrep,colmafu;PRESERVED_SPECIMEN;PRESENT;The New York Botanical Garden;Vascular plants;M. Kawall;;;
Melanoxylon brauna Schott;Melanoxylon brauna Schott;-21,981111;-42,368056;cdround,gass84,rdativ,colmafu,inmafu;PRESERVED_SPECIMEN;PRESENT;NY;;M. Kawall;;;
Melanoxylon brauna Schott;Melanoxylon brauna Schott;-12,32;-41,77;gass84,colmafu,inmafu;PRESERVED_SPECIMEN;PRESENT;;;"Queiroz, L.P.; Nascimento, N.S.";Ca. 3km S de Lagoa do Chure na estrada para Seabra (Seabra-Lagoa Bela Vista).;Floresta estacional semi-decídua;
Melanoxylon brauna Schott;Melanoxylon brauna Schott;-12,33;-41,769722;gass84,inmano;PRESERVED_SPECIMEN;PRESENT;CEPEC - Herbário do Centro de Pesquisas do Cacau;CEPEC - Herbário do Centro de Pesquisas do Cacau;L. P. de Queiroz;3Km S Lagoa do Chure, estr. p/ Lagoa da Boa Vista.;;
Melanoxylon brauna Schott;Melanoxylon brauna Schott;-12,33;-41,7697;gass84,colmafu;PRESERVED_SPECIMEN;PRESENT;The New York Botanical Garden;Vascular plants;L. P. de Queiroz;Ca. 3 km S de Lagoa do Chure na estrada para Seabra (Seabra-Lagoa Boa vista);Floresta estacional semi-decídua;
Melanoxylon brauna Schott;Melanoxylon brauna Schott;-12,33;-41,769722;cdround,gass84,colmafu,inmafu;PRESERVED_SPECIMEN;PRESENT;NY;;L. P. de Queiroz;Ca. 3 km S de Lagoa do Chure na estrada para Seabra (Seabra-Lagoa Boa vista);;
Melanoxylon brauna Schott;Melanoxylon brauna Schott;-12,33;-41,769722;cdround,gass84,colmafu,inmafu;PRESERVED_SPECIMEN;PRESENT;UB - Herbário da Universidade de Brasília;UB - Herbário da Universidade de Brasília;Queiroz, LP;Ca. 3km S de Lagoa do Chure na estrada para Seabra.;;
Melanoxylon brauna Schott;Melanoxylon brauna Schott;-12,13;-41,77;gass84,colmafu,inmafu;PRESERVED_SPECIMEN;PRESENT;;;"Queiroz, L.P.; Nascimento, N.S.";Ca. 3km N de Agua de Rega na estrada para Souto Soares, localmente conhecido como ladeira do Véio Dedé.;Caatinga Arbórea;
Melanoxylon brauna Schott;Melanoxylon brauna Schott;-12,149444;-41,771389;gass84,inmano;PRESERVED_SPECIMEN;PRESENT;CEPEC - Herbário do Centro de Pesquisas do Cacau;CEPEC - Herbário do Centro de Pesquisas do Cacau;L. P. de Queiroz;3Km N Agua de Rega, estr. p/ Souto Soares.;;
Melanoxylon brauna Schott;Melanoxylon brauna Schott;-12,33;-41,769722;gass84,diffown;PRESERVED_SPECIMEN;PRESENT;HUEFS - Herbario da Universidade Estadual de Feira de Santana;HUEFS - Herbario da Universidade Estadual de Feira de Santana;Queiroz, L.P.de;ca. 3 km S de Lagoa do Chure na estrada para Seabra (Seabra-Lagoa Boa Vista).;;
Melanoxylon brauna Schott;Melanoxylon brauna Schott;-12,133333;-41,766667;gass84,diffown;PRESERVED_SPECIMEN;PRESENT;HUEFS - Herbario da Universidade Estadual de Feira de Santana;HUEFS - Herbario da Universidade Estadual de Feira de Santana;Queiroz, L.P.de;;;
Melanoxylon brauna Schott;Melanoxylon brauna Schott;-12,1494;-41,7714;gass84,colmafu;PRESERVED_SPECIMEN;PRESENT;The New York Botanical Garden;Vascular plants;L. P. de Queiroz;Ca. 3 km N de Agua de Rega na estrada para Souto Soares, localmente conhecido como ladeira do Véio Dedé;Caatinga arborea;
Melanoxylon brauna Schott;Melanoxylon brauna Schott;-12,149444;-41,771389;cdround,gass84,colmafu,inmafu;PRESERVED_SPECIMEN;PRESENT;NY;;L. P. de Queiroz;Ca. 3 km N de Agua de Rega na estrada para Souto Soares, localmente conhecido como ladeira do Véio Dedé;;
Melanoxylon brauna Schott;Melanoxylon brauna Schott;-12,13;-41,77;cdround,gass84,colmafu,inmafu;PRESERVED_SPECIMEN;PRESENT;K;;"Queiroz, L.P.;Nascimento, N.S.";Ca. 3km N de Agua de Rega na estrada para Souto Soares, localmente conhecido como ladeira do V  io Ded  .;;
Melanoxylon brauna Schott;Melanoxylon brauna Schott;-19,971389;-40,530278;gass84,diffown;PRESERVED_SPECIMEN;PRESENT;MBM - Herbário do Museu Botânico Municipal;MBM - Herbário do Museu Botânico Municipal;L. D. Thomaz;Estação Biológica de Santa Lúcia;;
Melanoxylon brauna Schott;Melanoxylon brauna Schott;-19,971389;-40,530278;cdround,gass84,rdativ,colmafu,inmafu;PRESERVED_SPECIMEN;PRESENT;MBM - Herbário do Museu Botânico Municipal;MBM - Herbário do Museu Botânico Municipal;L. D. Thomaz;Estação Biológica de Santa Lúcia;;
Melanoxylon brauna Schott;Melanoxylon brauna Schott;-15,15;-39,083333;gass84,inmano;PRESERVED_SPECIMEN;PRESENT;CEPEC - Herbário do Centro de Pesquisas do Cacau;CEPEC - Herbário do Centro de Pesquisas do Cacau;A. M. Amorim;Reserva Biológica do Mico-leão. Entr. KM 46 BA-001 Ilheus/Una. Picada paralela do Rio Maruim.;;
Melanoxylon brauna Schott;Melanoxylon brauna Schott;-15,15;-39,083333;cdround,gass84,inmano;PRESERVED_SPECIMEN;PRESENT;Rio de Janeiro Botanical Garden;RB - Rio de Janeiro Botanical Garden Herbarium Collection;"A. M. A. Amorim; et al";Res. Biol. Mico-Leão (IBAMA). estr. no Km 46 da Rod. BA-001 Ilhéus/Una.;;
Melanoxylon brauna Schott;Melanoxylon brauna Schott;-15,15;-39,08;gass84,colmafu;PRESERVED_SPECIMEN;PRESENT;The New York Botanical Garden;Vascular plants;A. M. Amorim;Reserva Biológica do Mico-leão (IBAMA). Entrada no km 46 da Rod. BA-001 Ilhéus/Una;Regiao da mata higrófila sul baiana;
Melanoxylon brauna Schott;Melanoxylon brauna Schott;-22,433333;-42,833333;cdround,gass84,inmano;PRESERVED_SPECIMEN;PRESENT;Rio de Janeiro Botanical Garden;RB - Rio de Janeiro Botanical Garden Herbarium Collection;"B.C.Kurtz; et al.";Estação  Ecológica  Estadual  de  Paraíso.  Parcela  16  -  Fazenda  Sta.  Rita.  .;;
Melanoxylon brauna Schott;Melanoxylon brauna Schott;-12,05;-41,416667;gass84,diffown;PRESERVED_SPECIMEN;PRESENT;HUEFS - Herbario da Universidade Estadual de Feira de Santana;HUEFS - Herbario da Universidade Estadual de Feira de Santana;Sarmento, A.C.;;;
Melanoxylon brauna Schott;Melanoxylon brauna Schott;-12,05;-41,416667;cdround,gass84,txmatfuz,colmano,inmafu;PRESERVED_SPECIMEN;PRESENT;Museu Paraense Emílio Goeldi (MPEG);;"Sarmento, A.C.; Bautista, H.P.";Cafarnaum;;
Melanoxylon brauna Schott;Melanoxylon brauna Schott;-12,05;-41,416667;cdround,gass84,rdativ,inmano;PRESERVED_SPECIMEN;PRESENT;Rio de Janeiro Botanical Garden;RB - Rio de Janeiro Botanical Garden Herbarium Collection;"A.C. Sarmento; H.P. Bautista";Próximo de Vázea do Cerco.;;
Melanoxylon brauna Schott;Melanoxylon brauna Schott;-14,3;-39;gass84,colmafu,inmafu;PRESERVED_SPECIMEN;PRESENT;;;Nuscheler, M.;;;
Melanoxylon brauna Schott;Melanoxylon brauna Schott;-14,79290678;-39,04908681;cdrep,colmafu;PRESERVED_SPECIMEN;PRESENT;The New York Botanical Garden;Vascular plants;M. Nüscheler;Itararé;;
Melanoxylon brauna Schott;Melanoxylon brauna Schott;-12,758417;-43,950906;gass84,inmano;PRESERVED_SPECIMEN;PRESENT;MAC - Herbário do Instituto do Meio Ambiente do Estado de Alagoas;MAC - Herbário do Instituto do Meio Ambiente do Estado de Alagoas;M.M.Santos;Serra dos Bois.;;
Melanoxylon brauna Schott;Melanoxylon brauna Schott;-12,766667;-44,283333;gass84,inmano;PRESERVED_SPECIMEN;PRESENT;CEPEC - Herbário do Centro de Pesquisas do Cacau;CEPEC - Herbário do Centro de Pesquisas do Cacau;M. M. Santos;Serra dos Bois.;;
Melanoxylon brauna Schott;Melanoxylon brauna Schott;-12,766667;-44,283333;gass84,diffown;PRESERVED_SPECIMEN;PRESENT;HUEFS - Herbario da Universidade Estadual de Feira de Santana;HUEFS - Herbario da Universidade Estadual de Feira de Santana;Santos, M.M.;;;
Melanoxylon brauna Schott;Melanoxylon brauna Schott;-12,766667;-44,283333;cdround,gass84,txmatfuz,colmano,inmafu;PRESERVED_SPECIMEN;PRESENT;Museu Paraense Emílio Goeldi (MPEG);;Santos, M.M.;Bahia;;
Melanoxylon brauna Schott;Melanoxylon brauna Schott;-13,466667;-40,316667;gass84,incomis,inmafu;PRESERVED_SPECIMEN;PRESENT;ALCB - Herbário Alexandre Leal Costa;ALCB - Herbário Alexandre Leal Costa;Ararújo, AP de;Sudoeste, Estrada Lajedo do Tabocal-Maracás;;
Melanoxylon brauna Schott;Melanoxylon brauna Schott;-13,466667;-40,316667;cdround,gass84,colmafu,inmafu;PRESERVED_SPECIMEN;PRESENT;ALCB - Herbário Alexandre Leal Costa;ALCB - Herbário Alexandre Leal Costa;Ararújo, AP de;Sudoeste, Estrada Lajedo do Tabocal-Maracás;;
Melanoxylon brauna Schott;Melanoxylon brauna Schott;-13,466667;-40,316667;gass84,inmano;PRESERVED_SPECIMEN;PRESENT;CEPEC - Herbário do Centro de Pesquisas do Cacau;CEPEC - Herbário do Centro de Pesquisas do Cacau;A. P. de Araújo;Estr. Lagedo do Tabocal/Maracas.;;
Melanoxylon brauna Schott;Melanoxylon brauna Schott;-13,48;-40,53;gass84,colmafu,inmafu;PRESERVED_SPECIMEN;PRESENT;;;"Mori, S.A.; Santos, T.S.; Kallunki, J.A.; Silva, L.A.M.";13 a 22km ao S de Maracás, pela antiga rod. para Jequié.;Capoeira de Mata de Cipó;
Melanoxylon brauna Schott;Melanoxylon brauna Schott;-13,44477683;-40,43057791;cdrep,colmafu;PRESERVED_SPECIMEN;PRESENT;The New York Botanical Garden;Vascular plants;S. A. Mori;13 a 22 km ao S de Maracás, pela antiga rod. para Jequié. folha SD-24 (14-40a);Capoeira de mata de cipó;
Melanoxylon brauna Schott;Melanoxylon brauna Schott;-19,04099242;-43,42487888;cdrep,colmafu;PRESERVED_SPECIMEN;PRESENT;The New York Botanical Garden;Vascular plants;G. G. Hatschbach;Rio Conceição;Mata;
Melanoxylon brauna Schott;Melanoxylon brauna Schott;-19,037222;-43,424722;cdround,gass84,colmafu,inmafu;PRESERVED_SPECIMEN;PRESENT;NY;;G. G. Hatschbach;Rio Conceição;;
Melanoxylon brauna Schott;Melanoxylon brauna Schott;-11,532525;-41,166122;gass84,inmano;PRESERVED_SPECIMEN;PRESENT;HUCPE - Herbário da Universidade Católica de Pernambuco;HUCPE - Herbário da Universidade Católica de Pernambuco;Ramalho, F. .B.;Fazenda Palmeirinha.;;
Melanoxylon brauna Schott;Melanoxylon brauna Schott;-19,138199;-39,961174;colmafu;PRESERVED_SPECIMEN;PRESENT;The New York Botanical Garden;Vascular plants;B. D. Sucre;Reserva de Linhares - DOCEMADE;Mata de musununga;
Melanoxylon brauna Schott;Melanoxylon brauna Schott;-19,138333;-39,961111;cdround,gass84,colmafu,inmafu;PRESERVED_SPECIMEN;PRESENT;NY;;B. D. Sucre;Reserva de Linhares - DOCEMADE;;
Melanoxylon brauna Schott;Melanoxylon brauna Schott;-13,43;-40,45;gass84,colmafu,inmafu;PRESERVED_SPECIMEN;PRESENT;;;Pinheiro, R.S.;Rod. Itiruçu-Maracás.;Caatinga.;
Melanoxylon brauna Schott;Melanoxylon brauna Schott;-13,53557889;-40,15025954;cdrep,colmafu;PRESERVED_SPECIMEN;PRESENT;The New York Botanical Garden;Vascular plants;R. S. Pinheiro;Rod Itiruçu a Maracas;Caatinga;
Melanoxylon brauna Schott;Melanoxylon brauna Schott;-13,531944;-40,150278;cdround,gass84,rdativ,colmafu,inmafu;PRESERVED_SPECIMEN;PRESENT;NY;;R. S. Pinheiro;Rod Itiruçu a Maracas;;
Melanoxylon brauna Schott;Melanoxylon brauna Schott;-13,43;-40,45;gass84,rdativ,colmafu,inmafu;PRESERVED_SPECIMEN;PRESENT;K;;Pinheiro, R.S.;Rod. Itiru  u-Marac  s.;;
Melanoxylon brauna Schott;Melanoxylon brauna Schott;-12,17;-41,77;gass84,colmafu,inmafu;PRESERVED_SPECIMEN;PRESENT;;;"Irwin, H.S.; Smith, G.L.; Harley, R.M.";Ca. 8km N of Seabra, road to Agua de Rega.;Cut over gallery forest;
Melanoxylon brauna Schott;Melanoxylon brauna Schott;-12,17;-41,77;cdround,gass84,colmafu,inmafu;PRESERVED_SPECIMEN;PRESENT;K;;"Irwin, H.S.;Smith, G.L.,Harley, R.M.";Ca. 8km N of Seabra, road to Agua de Rega.;;
Melanoxylon brauna Schott;Melanoxylon brauna Schott;-15,52;-40,9;gass84,colmafu,inmafu;PRESERVED_SPECIMEN;PRESENT;;;Belém, R.P.;Margem do Rio Pardo.;Mata de Cipó;
Melanoxylon brauna Schott;Melanoxylon brauna Schott;-15,53542331;-40,90920933;cdrep,colmafu;PRESERVED_SPECIMEN;PRESENT;The New York Botanical Garden;Vascular plants;R. P. Belém;Margim do Rio Pardo, Mata Cipó;Mata;
Melanoxylon brauna Schott;Melanoxylon brauna Schott;-15,531667;-40,909167;cdround,gass84,colmafu,inmafu;PRESERVED_SPECIMEN;PRESENT;NY;;R. P. Belém;Margim do Rio Pardo, Mata Cipó;;
Melanoxylon brauna Schott;Melanoxylon brauna Schott;-15,52;-40,9;cdround,gass84,colmafu,inmafu;PRESERVED_SPECIMEN;PRESENT;K;;Bel  m, R.P.;Margem do Rio Pardo.;;
Melanoxylon brauna Schott;Melanoxylon brauna Schott;-11;-42;gass84,ambcol,inmafu;PRESERVED_SPECIMEN;PRESENT;The Field Museum of Natural History;GDI 2013-2015 SAPP;R. P. Belém;;;
Melanoxylon brauna Schott;Melanoxylon brauna Schott;-18,098499;-39,89346;cdround,colmafu;PRESERVED_SPECIMEN;PRESENT;The New York Botanical Garden;Vascular plants;R. P. Belém;Ao lado da Rodovia BR 101. Vale do Rio Mucurí;Plantaçao de cacau;
Melanoxylon brauna Schott;Melanoxylon brauna Schott;-18,098611;-39,893333;cdround,gass84,colmafu,inmafu;PRESERVED_SPECIMEN;PRESENT;NY;;R. P. Belém;Ao lado da Rodovia BR 101. Vale do Rio Mucurí;;
Melanoxylon brauna Schott;Melanoxylon brauna Schott;-16,298624;-39,044099;cdround,colmafu;PRESERVED_SPECIMEN;PRESENT;The New York Botanical Garden;Vascular plants;R. P. Belém;2-4 Km a W de Sta. Cruz de Cabrália, pela estrada antiga. Folha SE-24 (16-39c).;Mata costeira;
Melanoxylon brauna Schott;Melanoxylon brauna Schott;-16,298611;-39,044167;cdround,gass84,rdativ,colmafu,inmafu;PRESERVED_SPECIMEN;PRESENT;NY;;R. P. Belém;2-4 Km a W de Sta. Cruz de Cabrália, pela estrada antiga. Folha SE-24 (16-39c).;;
Melanoxylon brauna Schott;Melanoxylon brauna Schott;-16,278056;-39,024722;cdround,gass84,colmafu,inmafu;PRESERVED_SPECIMEN;PRESENT;UB - Herbário da Universidade de Brasília;UB - Herbário da Universidade de Brasília;Belém, RP;;;
Melanoxylon brauna Schott;Melanoxylon brauna Schott;-16,45344218;-39,0642869;cdrep,colmafu;PRESERVED_SPECIMEN;PRESENT;The New York Botanical Garden;Vascular plants;J. P. Lanna Sobrinho;Entre Porto Seguro;;
Melanoxylon brauna Schott;Melanoxylon brauna Schott;-16,449722;-39,064444;cdround,gass84,colmafu,inmafu;PRESERVED_SPECIMEN;PRESENT;NY;;J. P. Lanna Sobrinho;Entre Porto Seguro;;
Melanoxylon brauna Schott;Melanoxylon brauna Schott;-22,98822;-43,27887;gass84,colmafu,inmafu;PRESERVED_SPECIMEN;PRESENT;IAC - Herbário do Instituto Agronômico de Campinas;IAC - Herbário do Instituto Agronômico de Campinas;J.P.P. Carauta;São Conrado, Pedra Bonita, no cume, perto do quadrado de cimento;;
Melanoxylon brauna Schott;Melanoxylon brauna Schott;-22,9028;-43,2075;gass84,colmafu,inmafu;PRESERVED_SPECIMEN;PRESENT;IAC - Herbário do Instituto Agronômico de Campinas;IAC - Herbário do Instituto Agronômico de Campinas;J.P. Lanna Sobrinho;Tijuca, estrada Vista Chinesa, km 1;;
Melanoxylon brauna Schott;Melanoxylon brauna Schott;-22,971951;-43,277408;colmafu;PRESERVED_SPECIMEN;PRESENT;The New York Botanical Garden;Vascular plants;J. P. Lanna Sobrinho;Guanabara, Tijuca, Estr. da Vista Chinesa, Km 1;;
Melanoxylon brauna Schott;Melanoxylon brauna Schott;-22,971944;-43,2775;cdround,gass84,colmafu,inmafu;PRESERVED_SPECIMEN;PRESENT;NY;;J. P. Lanna Sobrinho;Guanabara, Tijuca, Estr. da Vista Chinesa, Km 1;;
Melanoxylon brauna Schott;Melanoxylon brauna Schott;-15,41;-39,49;gass84,colmafu;PRESERVED_SPECIMEN;PRESENT;The New York Botanical Garden;Vascular plants;G. M. Magalhaes;Camaca, para Porto Seguro, 20 km mais ou menos P. Seguro;Floresta secular, no alto das terrenos elevados, planos (Tabuleiro ou chapadao);
Melanoxylon brauna Schott;Melanoxylon brauna Schott;-16,45344218;-39,0642869;cdrep,colmafu;PRESERVED_SPECIMEN;PRESENT;The New York Botanical Garden;Vascular plants;R. P. Belém;31 km W de Pôrto Seguro;;
Melanoxylon brauna Schott;Melanoxylon brauna Schott;-15,41;-39,49;gass84,colmafu,inmafu;PRESERVED_SPECIMEN;PRESENT;NY;;G. M. Magalhaes;Camaca, para Porto Seguro, 20 km mais ou menos P. Seguro;;
Melanoxylon brauna Schott;Melanoxylon brauna Schott;-16,449722;-39,064444;cdround,gass84,colmafu,inmafu;PRESERVED_SPECIMEN;PRESENT;NY;;R. P. Belém;31 km W de Pôrto Seguro;;
Melanoxylon brauna Schott;Melanoxylon brauna Schott;-18,996963;-40,10894;colmafu;PRESERVED_SPECIMEN;PRESENT;The New York Botanical Garden;Vascular plants;J. P. Lanna Sobrinho;Regu. Biológ. Sooretama;;
Melanoxylon brauna Schott;Melanoxylon brauna Schott;-22,971951;-43,277408;colmafu;PRESERVED_SPECIMEN;PRESENT;The New York Botanical Garden;Vascular plants;J. P. Lanna Sobrinho;Guanabara, Estrada de Vista Chinesa, Km 1;;
Melanoxylon brauna Schott;Melanoxylon brauna Schott;-18,996963;-40,10894;colmafu;PRESERVED_SPECIMEN;PRESENT;The New York Botanical Garden;Vascular plants;R. P. Belém;Reserva Florestal de Sooretama.;Mata virgem.;
Melanoxylon brauna Schott;Melanoxylon brauna Schott;-18,996963;-40,10894;colmafu;PRESERVED_SPECIMEN;PRESENT;The New York Botanical Garden;Vascular plants;R. P. Belém;Reserva Florestal de Sooretama;Mata virgem;
Melanoxylon brauna Schott;Melanoxylon brauna Schott;-22,971944;-43,2775;cdround,gass84,rdativ,colmafu,inmafu;PRESERVED_SPECIMEN;PRESENT;NY;;J. P. Lanna Sobrinho;Guanabara, Estrada de Vista Chinesa, Km 1;;
Melanoxylon brauna Schott;Melanoxylon brauna Schott;-18,996944;-40,108889;cdround,gass84,rdativ,colmafu,inmafu;PRESERVED_SPECIMEN;PRESENT;NY;;J. P. Lanna Sobrinho;Regu. Biológ. Sooretama;;
Melanoxylon brauna Schott;Melanoxylon brauna Schott;-18,996944;-40,108889;cdround,gass84,rdativ,colmafu,inmafu;PRESERVED_SPECIMEN;PRESENT;NY;;R. P. Belém;Reserva Florestal de Sooretama;;
Melanoxylon brauna Schott;Melanoxylon brauna Schott;-18,996944;-40,108889;cdround,gass84,rdativ,colmafu,inmafu;PRESERVED_SPECIMEN;PRESENT;NY;;R. P. Belém;Reserva Florestal de Sooretama.;;
Melanoxylon brauna Schott;Melanoxylon brauna Schott;-19,92460812;-43,93801456;cdrep,colmafu;PRESERVED_SPECIMEN;PRESENT;The New York Botanical Garden;Vascular plants;G. M. Magalhaes;Estaçao Experimental de Agricultura e arredores;Matas e capoeiras;
Melanoxylon brauna Schott;Melanoxylon brauna Schott;-19,920833;-43,937778;cdround,gass84,colmafu,inmafu;PRESERVED_SPECIMEN;PRESENT;NY;;G. M. Magalhaes;Estaçao Experimental de Agricultura e arredores;;
Melanoxylon brauna Schott;Melanoxylon brauna Schott;-15,78342081;-47,92987267;cdrep,colmafu;PRESERVED_SPECIMEN;PRESENT;The New York Botanical Garden;Vascular plants;F. Gomes da Silva;BrasÃ­lia. Camino da Lagoinha, Horto Florestal do D. Federal;;
Melanoxylon brauna Schott;Melanoxylon brauna Schott;-15,779722;-47,929444;cdround,gass84,colmafu,inmafu;PRESERVED_SPECIMEN;PRESENT;NY;;F. Gomes da Silva;Camino da Lagoinha, Horto Florestal do D. Federal;;
Melanoxylon brauna Schott;Melanoxylon brauna Schott;-23,5475;-46,6361;gass84,colmafu,inmafu;PRESERVED_SPECIMEN;PRESENT;IAC - Herbário do Instituto Agronômico de Campinas;IAC - Herbário do Instituto Agronômico de Campinas;M. Koscinski;Horto Florestal;;
Melanoxylon brauna Schott;Melanoxylon brauna Schott;-19,9594;-43,4153;gass84,colmafu,inmafu;PRESERVED_SPECIMEN;PRESENT;IAC - Herbário do Instituto Agronômico de Campinas;IAC - Herbário do Instituto Agronômico de Campinas;H.L.M. Barreto;Serra do Caraça;;
Melanoxylon brauna Schott;Melanoxylon brauna Schott;-22,530833;-43,008333;cdround,gass84,rdativ,colmafu,inmafu;PRESERVED_SPECIMEN;PRESENT;NY;;L. Riedel;[This is not on the label: Prope Rio de Janeiro. Organ Mount. Protologue stated that the specific locality was not known];;
Melanoxylon brauna Schott;Melanoxylon brauna Schott;-16,333333;-39,133333;gass84,inmano;PRESERVED_SPECIMEN;PRESENT;CEPEC - Herbário do Centro de Pesquisas do Cacau;CEPEC - Herbário do Centro de Pesquisas do Cacau;Carvalho, G. M.;RPPN Estação Veracel;;
Melanoxylon brauna Schott;Melanoxylon brauna Schott;-10,8339;-52,8731;gass84,ambcol,inmafu;PRESERVED_SPECIMEN;PRESENT;The Field Museum of Natural History;GDI 2013-2015 SAPP;;;;
Melanoxylon brauna Schott;Melanoxylon brauna Schott;-20,754167;-42,881667;gass84,inmano;PRESERVED_SPECIMEN;PRESENT;Funed-Pol - Coleção de lâminas de grãos de pólen;Funed-Pol - Coleção de lâminas de grãos de pólen;Sandra Matoso;Mata do Paraiso-Viçosa;;
Melanoxylon brauna Schott;Melanoxylon brauna Schott;-19,866667;-40,533333;gass84,inmano;PRESERVED_SPECIMEN;PRESENT;"BOTUw - Xiloteca ""Profa. Dra. Maria Aparecida Mourão Brasil""";"BOTUw - Xiloteca ""Profa. Dra. Maria Aparecida Mourão Brasil""";;Comp. Vale do Rio Doce;;
Melanoxylon brauna Schott;Melanoxylon brauna Schott;-13,441111;-40,430556;cdround,gass84,colmafu,inmafu;PRESERVED_SPECIMEN;PRESENT;NY;;S. A. Mori;13 a 22 km ao S de Maracás, pela antiga rod. para Jequié. folha SD-24 (14-40a);;
Melanoxylon brauna Schott;Melanoxylon brauna Schott;-22,530833;-43,008333;cdround,gass84,colmafu,inmafu;PRESERVED_SPECIMEN;PRESENT;NY;;A. F. M. Glaziou;Prope Rio de Janeiro. Organ Mount.;;
Melanoxylon brauna Schott;Melanoxylon brauna Schott;-22,428333;-42,035556;cdround,gass84,inmano;PRESERVED_SPECIMEN;PRESENT;HUENF;Herbário - Universidade Estadual do Norte Fluminense Darcy Ribeiro;s/c;Reserva Biológica União;;
