"","eventID","occurrenceID","recordedBy","measurementType","measurementValue","measurementUnit"
"1","Site1_01/12/1929","Site1_01/12/1929_A18","Edgar Anderson","sepal length",5.1,"cm"
"2","Site1_01/12/1929","Site1_01/12/1929_A18","Edgar Anderson","sepal width",3.5,"cm"
"3","Site1_01/12/1929","Site1_01/12/1929_A18","Edgar Anderson","petal length",1.4,"cm"
"4","Site1_01/12/1929","Site1_01/12/1929_A18","Edgar Anderson","petal width",0.3,"cm"
"5","Site1_02/12/1929","Site1_02/12/1929_A30","Edgar Anderson","sepal length",4.7,"cm"
"6","Site1_02/12/1929","Site1_02/12/1929_A30","Edgar Anderson","sepal width",3.2,"cm"
"7","Site1_02/12/1929","Site1_02/12/1929_A30","Edgar Anderson","petal length",1.6,"cm"
"8","Site1_02/12/1929","Site1_02/12/1929_A30","Edgar Anderson","petal width",0.2,"cm"
"9","Site1_02/12/1929","Site1_02/12/1929_A47","Edgar Anderson","sepal length",4.5,"cm"
"10","Site1_02/12/1929","Site1_02/12/1929_A47","Edgar Anderson","sepal width",2.3,"cm"
"11","Site1_02/12/1929","Site1_02/12/1929_A47","Edgar Anderson","petal length",1.3,"cm"
"12","Site1_02/12/1929","Site1_02/12/1929_A47","Edgar Anderson","petal width",0.3,"cm"
"13","Site1_02/12/1929","Site1_02/12/1929_A28","Edgar Anderson","sepal length",5.2,"cm"
"14","Site1_02/12/1929","Site1_02/12/1929_A28","Edgar Anderson","sepal width",3.5,"cm"
"15","Site1_02/12/1929","Site1_02/12/1929_A28","Edgar Anderson","petal length",1.5,"cm"
"16","Site1_02/12/1929","Site1_02/12/1929_A28","Edgar Anderson","petal width",0.2,"cm"
"17","Site1_02/12/1929","Site1_02/12/1929_A75","Edgar Anderson","sepal length",6.4,"cm"
"18","Site1_02/12/1929","Site1_02/12/1929_A75","Edgar Anderson","sepal width",2.9,"cm"
"19","Site1_02/12/1929","Site1_02/12/1929_A75","Edgar Anderson","petal length",4.3,"cm"
"20","Site1_02/12/1929","Site1_02/12/1929_A75","Edgar Anderson","petal width",1.3,"cm"
"21","Site2_02/12/1929","Site2_02/12/1929_A95","Edgar Anderson","sepal length",5.6,"cm"
"22","Site2_02/12/1929","Site2_02/12/1929_A95","Edgar Anderson","sepal width",2.7,"cm"
"23","Site2_02/12/1929","Site2_02/12/1929_A95","Edgar Anderson","petal length",4.2,"cm"
"24","Site2_02/12/1929","Site2_02/12/1929_A95","Edgar Anderson","petal width",1.3,"cm"
"25","Site3_02/12/1929","Site3_02/12/1929_A64","Edgar Anderson","sepal length",6.1,"cm"
"26","Site3_02/12/1929","Site3_02/12/1929_A64","Edgar Anderson","sepal width",2.9,"cm"
"27","Site3_02/12/1929","Site3_02/12/1929_A64","Edgar Anderson","petal length",4.7,"cm"
"28","Site3_02/12/1929","Site3_02/12/1929_A64","Edgar Anderson","petal width",1.4,"cm"
"29","Site1_02/12/1929","Site1_02/12/1929_A105","Edgar Anderson","sepal length",6.5,"cm"
"30","Site1_02/12/1929","Site1_02/12/1929_A105","Edgar Anderson","sepal width",3,"cm"
"31","Site1_02/12/1929","Site1_02/12/1929_A105","Edgar Anderson","petal length",5.8,"cm"
"32","Site1_02/12/1929","Site1_02/12/1929_A105","Edgar Anderson","petal width",2.2,"cm"
"33","Site1_02/12/1929","Site1_02/12/1929_A114","Edgar Anderson","sepal length",5.7,"cm"
"34","Site1_02/12/1929","Site1_02/12/1929_A114","Edgar Anderson","sepal width",2.5,"cm"
"35","Site1_02/12/1929","Site1_02/12/1929_A114","Edgar Anderson","petal length",5,"cm"
"36","Site1_02/12/1929","Site1_02/12/1929_A114","Edgar Anderson","petal width",2,"cm"
"37","Site1_02/12/1929","Site1_02/12/1929_A126","Edgar Anderson","sepal length",7.2,"cm"
"38","Site1_02/12/1929","Site1_02/12/1929_A126","Edgar Anderson","sepal width",3.2,"cm"
"39","Site1_02/12/1929","Site1_02/12/1929_A126","Edgar Anderson","petal length",6,"cm"
"40","Site1_02/12/1929","Site1_02/12/1929_A126","Edgar Anderson","petal width",1.8,"cm"
"41","Site1_02/12/1929","Site1_02/12/1929_A138","Edgar Anderson","sepal length",6.4,"cm"
"42","Site1_02/12/1929","Site1_02/12/1929_A138","Edgar Anderson","sepal width",3.1,"cm"
"43","Site1_02/12/1929","Site1_02/12/1929_A138","Edgar Anderson","petal length",5.5,"cm"
"44","Site1_02/12/1929","Site1_02/12/1929_A138","Edgar Anderson","petal width",1.8,"cm"
"45","Site1_02/12/1929","Site1_02/12/1929_A141","Edgar Anderson","sepal length",6.7,"cm"
"46","Site1_02/12/1929","Site1_02/12/1929_A141","Edgar Anderson","sepal width",3.1,"cm"
"47","Site1_02/12/1929","Site1_02/12/1929_A141","Edgar Anderson","petal length",5.6,"cm"
"48","Site1_02/12/1929","Site1_02/12/1929_A141","Edgar Anderson","petal width",2.4,"cm"
"49","Site1_02/12/1929","Site1_02/12/1929_A150","Edgar Anderson","sepal length",5.9,"cm"
"50","Site1_02/12/1929","Site1_02/12/1929_A150","Edgar Anderson","sepal width",3,"cm"
"51","Site1_02/12/1929","Site1_02/12/1929_A150","Edgar Anderson","petal length",5.1,"cm"
"52","Site1_02/12/1929","Site1_02/12/1929_A150","Edgar Anderson","petal width",1.8,"cm"
"53","Site2_02/12/1929","Site2_02/12/1929_A101","Edgar Anderson","sepal length",6.3,"cm"
"54","Site2_02/12/1929","Site2_02/12/1929_A101","Edgar Anderson","sepal width",3.3,"cm"
"55","Site2_02/12/1929","Site2_02/12/1929_A101","Edgar Anderson","petal length",6,"cm"
"56","Site2_02/12/1929","Site2_02/12/1929_A101","Edgar Anderson","petal width",2.5,"cm"
"57","Site2_02/12/1929","Site2_02/12/1929_A146","Edgar Anderson","sepal length",6.7,"cm"
"58","Site2_02/12/1929","Site2_02/12/1929_A146","Edgar Anderson","sepal width",3,"cm"
"59","Site2_02/12/1929","Site2_02/12/1929_A146","Edgar Anderson","petal length",5.2,"cm"
"60","Site2_02/12/1929","Site2_02/12/1929_A146","Edgar Anderson","petal width",2.3,"cm"
"61","Site2_13/02/1930","Site2_13/02/1930_A24","Edgar Anderson","sepal length",4.9,"cm"
"62","Site2_13/02/1930","Site2_13/02/1930_A24","Edgar Anderson","sepal width",3.6,"cm"
"63","Site2_13/02/1930","Site2_13/02/1930_A24","Edgar Anderson","petal length",1.4,"cm"
"64","Site2_13/02/1930","Site2_13/02/1930_A24","Edgar Anderson","petal width",0.1,"cm"
"65","Site3_01/12/1929","Site3_01/12/1929_A148","Edgar Anderson","sepal length",6.9,"cm"
"66","Site3_01/12/1929","Site3_01/12/1929_A148","Edgar Anderson","sepal width",3.1,"cm"
"67","Site3_01/12/1929","Site3_01/12/1929_A148","Edgar Anderson","petal length",5.1,"cm"
"68","Site3_01/12/1929","Site3_01/12/1929_A148","Edgar Anderson","petal width",2.3,"cm"
"69","Site2_13/02/1930","Site2_13/02/1930_A70","Edgar Anderson","sepal length",6.6,"cm"
"70","Site2_13/02/1930","Site2_13/02/1930_A70","Edgar Anderson","sepal width",2.9,"cm"
"71","Site2_13/02/1930","Site2_13/02/1930_A70","Edgar Anderson","petal length",4.6,"cm"
"72","Site2_13/02/1930","Site2_13/02/1930_A70","Edgar Anderson","petal width",1.3,"cm"
"73","Site1_01/12/1929","Site1_01/12/1929_A16","Edgar Anderson","sepal length",5.8,"cm"
"74","Site1_01/12/1929","Site1_01/12/1929_A16","Edgar Anderson","sepal width",4,"cm"
"75","Site1_01/12/1929","Site1_01/12/1929_A16","Edgar Anderson","petal length",1.2,"cm"
"76","Site1_01/12/1929","Site1_01/12/1929_A16","Edgar Anderson","petal width",0.2,"cm"
"77","Site1_01/12/1929","Site1_01/12/1929_A67","Edgar Anderson","sepal length",5.1,"cm"
"78","Site1_01/12/1929","Site1_01/12/1929_A67","Edgar Anderson","sepal width",2.5,"cm"
"79","Site1_01/12/1929","Site1_01/12/1929_A67","Edgar Anderson","petal length",3,"cm"
"80","Site1_01/12/1929","Site1_01/12/1929_A67","Edgar Anderson","petal width",1.1,"cm"
"81","Site3_01/12/1929","Site3_01/12/1929_A144","Edgar Anderson","sepal length",7.2,"cm"
"82","Site3_01/12/1929","Site3_01/12/1929_A144","Edgar Anderson","sepal width",3,"cm"
"83","Site3_01/12/1929","Site3_01/12/1929_A144","Edgar Anderson","petal length",5.8,"cm"
"84","Site3_01/12/1929","Site3_01/12/1929_A144","Edgar Anderson","petal width",1.6,"cm"
"85","Site3_01/12/1929","Site3_01/12/1929_A92","Edgar Anderson","sepal length",6.6,"cm"
"86","Site3_01/12/1929","Site3_01/12/1929_A92","Edgar Anderson","sepal width",3,"cm"
"87","Site3_01/12/1929","Site3_01/12/1929_A92","Edgar Anderson","petal length",4.4,"cm"
"88","Site3_01/12/1929","Site3_01/12/1929_A92","Edgar Anderson","petal width",1.4,"cm"
"89","Site1_01/12/1929","Site1_01/12/1929_A108","Edgar Anderson","sepal length",7.7,"cm"
"90","Site1_01/12/1929","Site1_01/12/1929_A108","Edgar Anderson","sepal width",2.8,"cm"
"91","Site1_01/12/1929","Site1_01/12/1929_A108","Edgar Anderson","petal length",6.7,"cm"
"92","Site1_01/12/1929","Site1_01/12/1929_A108","Edgar Anderson","petal width",2,"cm"
"93","Site1_01/12/1929","Site1_01/12/1929_A112","Edgar Anderson","sepal length",6.1,"cm"
"94","Site1_01/12/1929","Site1_01/12/1929_A112","Edgar Anderson","sepal width",2.6,"cm"
"95","Site1_01/12/1929","Site1_01/12/1929_A112","Edgar Anderson","petal length",5.6,"cm"
"96","Site1_01/12/1929","Site1_01/12/1929_A112","Edgar Anderson","petal width",1.4,"cm"
"97","Site2_01/12/1929","Site2_01/12/1929_A81","Edgar Anderson","sepal length",6.1,"cm"
"98","Site2_01/12/1929","Site2_01/12/1929_A81","Edgar Anderson","sepal width",3,"cm"
"99","Site2_01/12/1929","Site2_01/12/1929_A81","Edgar Anderson","petal length",4.6,"cm"
"100","Site2_01/12/1929","Site2_01/12/1929_A81","Edgar Anderson","petal width",1.4,"cm"
"101","Site1_01/12/1929","Site1_01/12/1929_A51","Edgar Anderson","sepal length",7,"cm"
"102","Site1_01/12/1929","Site1_01/12/1929_A51","Edgar Anderson","sepal width",3.2,"cm"
"103","Site1_01/12/1929","Site1_01/12/1929_A51","Edgar Anderson","petal length",4.7,"cm"
"104","Site1_01/12/1929","Site1_01/12/1929_A51","Edgar Anderson","petal width",1.4,"cm"
"105","Site2_01/12/1929","Site2_01/12/1929_A75","Edgar Anderson","sepal length",6.1,"cm"
"106","Site2_01/12/1929","Site2_01/12/1929_A75","Edgar Anderson","sepal width",2.8,"cm"
"107","Site2_01/12/1929","Site2_01/12/1929_A75","Edgar Anderson","petal length",4.7,"cm"
"108","Site2_01/12/1929","Site2_01/12/1929_A75","Edgar Anderson","petal width",1.2,"cm"
"109","Site2_01/12/1929","Site2_01/12/1929_A32","Edgar Anderson","sepal length",5.4,"cm"
"110","Site2_01/12/1929","Site2_01/12/1929_A32","Edgar Anderson","sepal width",3.7,"cm"
"111","Site2_01/12/1929","Site2_01/12/1929_A32","Edgar Anderson","petal length",1.5,"cm"
"112","Site2_01/12/1929","Site2_01/12/1929_A32","Edgar Anderson","petal width",0.2,"cm"
"113","Site3_01/12/1929","Site3_01/12/1929_A34","Edgar Anderson","sepal length",5.7,"cm"
"114","Site3_01/12/1929","Site3_01/12/1929_A34","Edgar Anderson","sepal width",3.8,"cm"
"115","Site3_01/12/1929","Site3_01/12/1929_A34","Edgar Anderson","petal length",1.7,"cm"
"116","Site3_01/12/1929","Site3_01/12/1929_A34","Edgar Anderson","petal width",0.3,"cm"
"117","Site1_01/12/1929","Site1_01/12/1929_A52","Edgar Anderson","sepal length",5.5,"cm"
"118","Site1_01/12/1929","Site1_01/12/1929_A52","Edgar Anderson","sepal width",2.3,"cm"
"119","Site1_01/12/1929","Site1_01/12/1929_A52","Edgar Anderson","petal length",4,"cm"
"120","Site1_01/12/1929","Site1_01/12/1929_A52","Edgar Anderson","petal width",1.3,"cm"
"121","Site1_01/12/1929","Site1_01/12/1929_A21","Edgar Anderson","sepal length",5.4,"cm"
"122","Site1_01/12/1929","Site1_01/12/1929_A21","Edgar Anderson","sepal width",3.4,"cm"
"123","Site1_01/12/1929","Site1_01/12/1929_A21","Edgar Anderson","petal length",1.7,"cm"
"124","Site1_01/12/1929","Site1_01/12/1929_A21","Edgar Anderson","petal width",0.2,"cm"
"125","Site1_01/12/1929","Site1_01/12/1929_A33","Edgar Anderson","sepal length",5.2,"cm"
"126","Site1_01/12/1929","Site1_01/12/1929_A33","Edgar Anderson","sepal width",4.1,"cm"
"127","Site1_01/12/1929","Site1_01/12/1929_A33","Edgar Anderson","petal length",1.5,"cm"
"128","Site1_01/12/1929","Site1_01/12/1929_A33","Edgar Anderson","petal width",0.1,"cm"
"129","Site1_01/12/1929","Site1_01/12/1929_A39","Edgar Anderson","sepal length",4.4,"cm"
"130","Site1_01/12/1929","Site1_01/12/1929_A39","Edgar Anderson","sepal width",3,"cm"
"131","Site1_01/12/1929","Site1_01/12/1929_A39","Edgar Anderson","petal length",1.3,"cm"
"132","Site1_01/12/1929","Site1_01/12/1929_A39","Edgar Anderson","petal width",0.2,"cm"
"133","Site2_13/02/1930","Site2_13/02/1930_A23","Edgar Anderson","sepal length",4.6,"cm"
"134","Site2_13/02/1930","Site2_13/02/1930_A23","Edgar Anderson","sepal width",3.6,"cm"
"135","Site2_13/02/1930","Site2_13/02/1930_A23","Edgar Anderson","petal length",1,"cm"
"136","Site2_13/02/1930","Site2_13/02/1930_A23","Edgar Anderson","petal width",0.2,"cm"
"137","Site2_13/02/1930","Site2_13/02/1930_A50","Edgar Anderson","sepal length",5,"cm"
"138","Site2_13/02/1930","Site2_13/02/1930_A50","Edgar Anderson","sepal width",3.3,"cm"
"139","Site2_13/02/1930","Site2_13/02/1930_A50","Edgar Anderson","petal length",1.4,"cm"
"140","Site2_13/02/1930","Site2_13/02/1930_A50","Edgar Anderson","petal width",0.2,"cm"
"141","Site2_13/02/1930","Site2_13/02/1930_A5","Edgar Anderson","sepal length",5,"cm"
"142","Site2_13/02/1930","Site2_13/02/1930_A5","Edgar Anderson","sepal width",3.6,"cm"
"143","Site2_13/02/1930","Site2_13/02/1930_A5","Edgar Anderson","petal length",1.4,"cm"
"144","Site2_13/02/1930","Site2_13/02/1930_A5","Edgar Anderson","petal width",0.2,"cm"
"145","Site3_01/12/1929","Site3_01/12/1929_A22","Edgar Anderson","sepal length",5.1,"cm"
"146","Site3_01/12/1929","Site3_01/12/1929_A22","Edgar Anderson","sepal width",3.7,"cm"
"147","Site3_01/12/1929","Site3_01/12/1929_A22","Edgar Anderson","petal length",1.5,"cm"
"148","Site3_01/12/1929","Site3_01/12/1929_A22","Edgar Anderson","petal width",0.4,"cm"
"149","Site3_01/12/1929","Site3_01/12/1929_A46","Edgar Anderson","sepal length",4.8,"cm"
"150","Site3_01/12/1929","Site3_01/12/1929_A46","Edgar Anderson","sepal width",3,"cm"
"151","Site3_01/12/1929","Site3_01/12/1929_A46","Edgar Anderson","petal length",1.4,"cm"
"152","Site3_01/12/1929","Site3_01/12/1929_A46","Edgar Anderson","petal width",0.3,"cm"
"153","Site2_13/02/1930","Site2_13/02/1930_A71","Edgar Anderson","sepal length",5.9,"cm"
"154","Site2_13/02/1930","Site2_13/02/1930_A71","Edgar Anderson","sepal width",3.2,"cm"
"155","Site2_13/02/1930","Site2_13/02/1930_A71","Edgar Anderson","petal length",4.8,"cm"
"156","Site2_13/02/1930","Site2_13/02/1930_A71","Edgar Anderson","petal width",1.8,"cm"
"157","Site3_01/12/1929","Site3_01/12/1929_A82","Edgar Anderson","sepal length",5.5,"cm"
"158","Site3_01/12/1929","Site3_01/12/1929_A82","Edgar Anderson","sepal width",2.4,"cm"
"159","Site3_01/12/1929","Site3_01/12/1929_A82","Edgar Anderson","petal length",3.7,"cm"
"160","Site3_01/12/1929","Site3_01/12/1929_A82","Edgar Anderson","petal width",1,"cm"
"161","Site3_01/12/1929","Site3_01/12/1929_A97","Edgar Anderson","sepal length",5.7,"cm"
"162","Site3_01/12/1929","Site3_01/12/1929_A97","Edgar Anderson","sepal width",2.9,"cm"
"163","Site3_01/12/1929","Site3_01/12/1929_A97","Edgar Anderson","petal length",4.2,"cm"
"164","Site3_01/12/1929","Site3_01/12/1929_A97","Edgar Anderson","petal width",1.3,"cm"
"165","Site2_13/02/1930","Site2_13/02/1930_A104","Edgar Anderson","sepal length",6.3,"cm"
"166","Site2_13/02/1930","Site2_13/02/1930_A104","Edgar Anderson","sepal width",2.9,"cm"
"167","Site2_13/02/1930","Site2_13/02/1930_A104","Edgar Anderson","petal length",5.6,"cm"
"168","Site2_13/02/1930","Site2_13/02/1930_A104","Edgar Anderson","petal width",1.8,"cm"
"169","Site2_13/02/1930","Site2_13/02/1930_A122","Edgar Anderson","sepal length",5.6,"cm"
"170","Site2_13/02/1930","Site2_13/02/1930_A122","Edgar Anderson","sepal width",2.8,"cm"
"171","Site2_13/02/1930","Site2_13/02/1930_A122","Edgar Anderson","petal length",4.9,"cm"
"172","Site2_13/02/1930","Site2_13/02/1930_A122","Edgar Anderson","petal width",2,"cm"
"173","Site2_13/02/1930","Site2_13/02/1930_A125","Edgar Anderson","sepal length",6.7,"cm"
"174","Site2_13/02/1930","Site2_13/02/1930_A125","Edgar Anderson","sepal width",3.3,"cm"
"175","Site2_13/02/1930","Site2_13/02/1930_A125","Edgar Anderson","petal length",5.7,"cm"
"176","Site2_13/02/1930","Site2_13/02/1930_A125","Edgar Anderson","petal width",2.1,"cm"
"177","Site3_01/12/1929","Site3_01/12/1929_A112","Edgar Anderson","sepal length",6.4,"cm"
"178","Site3_01/12/1929","Site3_01/12/1929_A112","Edgar Anderson","sepal width",2.7,"cm"
"179","Site3_01/12/1929","Site3_01/12/1929_A112","Edgar Anderson","petal length",5.3,"cm"
"180","Site3_01/12/1929","Site3_01/12/1929_A112","Edgar Anderson","petal width",1.9,"cm"
"181","Site1_01/12/1929","Site1_01/12/1929_A3","Edgar Anderson","sepal length",4.7,"cm"
"182","Site1_01/12/1929","Site1_01/12/1929_A3","Edgar Anderson","sepal width",3.2,"cm"
"183","Site1_01/12/1929","Site1_01/12/1929_A3","Edgar Anderson","petal length",1.3,"cm"
"184","Site1_01/12/1929","Site1_01/12/1929_A3","Edgar Anderson","petal width",0.2,"cm"
"185","Site3_01/12/1929","Site3_01/12/1929_A4","Edgar Anderson","sepal length",4.6,"cm"
"186","Site3_01/12/1929","Site3_01/12/1929_A4","Edgar Anderson","sepal width",3.1,"cm"
"187","Site3_01/12/1929","Site3_01/12/1929_A4","Edgar Anderson","petal length",1.5,"cm"
"188","Site3_01/12/1929","Site3_01/12/1929_A4","Edgar Anderson","petal width",0.2,"cm"
"189","Site3_01/12/1929","Site3_01/12/1929_A7","Edgar Anderson","sepal length",4.6,"cm"
"190","Site3_01/12/1929","Site3_01/12/1929_A7","Edgar Anderson","sepal width",3.4,"cm"
"191","Site3_01/12/1929","Site3_01/12/1929_A7","Edgar Anderson","petal length",1.4,"cm"
"192","Site3_01/12/1929","Site3_01/12/1929_A7","Edgar Anderson","petal width",0.3,"cm"
"193","Site3_01/12/1929","Site3_01/12/1929_A25","Edgar Anderson","sepal length",4.8,"cm"
"194","Site3_01/12/1929","Site3_01/12/1929_A25","Edgar Anderson","sepal width",3.4,"cm"
"195","Site3_01/12/1929","Site3_01/12/1929_A25","Edgar Anderson","petal length",1.9,"cm"
"196","Site3_01/12/1929","Site3_01/12/1929_A25","Edgar Anderson","petal width",0.2,"cm"
"197","Site1_01/12/1929","Site1_01/12/1929_A27","Edgar Anderson","sepal length",5,"cm"
"198","Site1_01/12/1929","Site1_01/12/1929_A27","Edgar Anderson","sepal width",3.4,"cm"
"199","Site1_01/12/1929","Site1_01/12/1929_A27","Edgar Anderson","petal length",1.6,"cm"
"200","Site1_01/12/1929","Site1_01/12/1929_A27","Edgar Anderson","petal width",0.4,"cm"
"201","Site2_13/02/1930","Site2_13/02/1930_A65","Edgar Anderson","sepal length",5.6,"cm"
"202","Site2_13/02/1930","Site2_13/02/1930_A65","Edgar Anderson","sepal width",2.9,"cm"
"203","Site2_13/02/1930","Site2_13/02/1930_A65","Edgar Anderson","petal length",3.6,"cm"
"204","Site2_13/02/1930","Site2_13/02/1930_A65","Edgar Anderson","petal width",1.3,"cm"
"205","Site1_01/12/1929","Site1_01/12/1929_A72","Edgar Anderson","sepal length",6.1,"cm"
"206","Site1_01/12/1929","Site1_01/12/1929_A72","Edgar Anderson","sepal width",2.8,"cm"
"207","Site1_01/12/1929","Site1_01/12/1929_A72","Edgar Anderson","petal length",4,"cm"
"208","Site1_01/12/1929","Site1_01/12/1929_A72","Edgar Anderson","petal width",1.3,"cm"
"209","Site2_13/02/1930","Site2_13/02/1930_A77","Edgar Anderson","sepal length",6.8,"cm"
"210","Site2_13/02/1930","Site2_13/02/1930_A77","Edgar Anderson","sepal width",2.8,"cm"
"211","Site2_13/02/1930","Site2_13/02/1930_A77","Edgar Anderson","petal length",4.8,"cm"
"212","Site2_13/02/1930","Site2_13/02/1930_A77","Edgar Anderson","petal width",1.4,"cm"
"213","Site1_01/12/1929","Site1_01/12/1929_A78","Edgar Anderson","sepal length",6.7,"cm"
"214","Site1_01/12/1929","Site1_01/12/1929_A78","Edgar Anderson","sepal width",3,"cm"
"215","Site1_01/12/1929","Site1_01/12/1929_A78","Edgar Anderson","petal length",5,"cm"
"216","Site1_01/12/1929","Site1_01/12/1929_A78","Edgar Anderson","petal width",1.7,"cm"
"217","Site3_01/12/1929","Site3_01/12/1929_A85","Edgar Anderson","sepal length",5.4,"cm"
"218","Site3_01/12/1929","Site3_01/12/1929_A85","Edgar Anderson","sepal width",3,"cm"
"219","Site3_01/12/1929","Site3_01/12/1929_A85","Edgar Anderson","petal length",4.5,"cm"
"220","Site3_01/12/1929","Site3_01/12/1929_A85","Edgar Anderson","petal width",1.5,"cm"
"221","Site2_13/02/1930","Site2_13/02/1930_A104","Edgar Anderson","sepal length",6.3,"cm"
"222","Site2_13/02/1930","Site2_13/02/1930_A104","Edgar Anderson","sepal width",2.9,"cm"
"223","Site2_13/02/1930","Site2_13/02/1930_A104","Edgar Anderson","petal length",5.6,"cm"
"224","Site2_13/02/1930","Site2_13/02/1930_A104","Edgar Anderson","petal width",1.8,"cm"
"225","Site3_01/12/1929","Site3_01/12/1929_A106","Edgar Anderson","sepal length",7.6,"cm"
"226","Site3_01/12/1929","Site3_01/12/1929_A106","Edgar Anderson","sepal width",3,"cm"
"227","Site3_01/12/1929","Site3_01/12/1929_A106","Edgar Anderson","petal length",6.6,"cm"
"228","Site3_01/12/1929","Site3_01/12/1929_A106","Edgar Anderson","petal width",2.1,"cm"
"229","Site1_01/12/1929","Site1_01/12/1929_A111","Edgar Anderson","sepal length",6.5,"cm"
"230","Site1_01/12/1929","Site1_01/12/1929_A111","Edgar Anderson","sepal width",3.2,"cm"
"231","Site1_01/12/1929","Site1_01/12/1929_A111","Edgar Anderson","petal length",5.1,"cm"
"232","Site1_01/12/1929","Site1_01/12/1929_A111","Edgar Anderson","petal width",2,"cm"
"233","Site1_01/12/1929","Site1_01/12/1929_A135","Edgar Anderson","sepal length",6.1,"cm"
"234","Site1_01/12/1929","Site1_01/12/1929_A135","Edgar Anderson","sepal width",2.6,"cm"
"235","Site1_01/12/1929","Site1_01/12/1929_A135","Edgar Anderson","petal length",5.6,"cm"
"236","Site1_01/12/1929","Site1_01/12/1929_A135","Edgar Anderson","petal width",1.4,"cm"
"237","Site3_01/12/1929","Site3_01/12/1929_A139","Edgar Anderson","sepal length",6,"cm"
"238","Site3_01/12/1929","Site3_01/12/1929_A139","Edgar Anderson","sepal width",3,"cm"
"239","Site3_01/12/1929","Site3_01/12/1929_A139","Edgar Anderson","petal length",4.8,"cm"
"240","Site3_01/12/1929","Site3_01/12/1929_A139","Edgar Anderson","petal width",1.8,"cm"
"241","Site1_01/12/1929","Site1_01/12/1929_A15","Edgar Anderson","sepal length",5.8,"cm"
"242","Site1_01/12/1929","Site1_01/12/1929_A15","Edgar Anderson","sepal width",4,"cm"
"243","Site1_01/12/1929","Site1_01/12/1929_A15","Edgar Anderson","petal length",1.2,"cm"
"244","Site1_01/12/1929","Site1_01/12/1929_A15","Edgar Anderson","petal width",0.2,"cm"
"245","Site1_01/12/1929","Site1_01/12/1929_A21","Edgar Anderson","sepal length",5.4,"cm"
"246","Site1_01/12/1929","Site1_01/12/1929_A21","Edgar Anderson","sepal width",3.4,"cm"
"247","Site1_01/12/1929","Site1_01/12/1929_A21","Edgar Anderson","petal length",1.7,"cm"
"248","Site1_01/12/1929","Site1_01/12/1929_A21","Edgar Anderson","petal width",0.2,"cm"
"249","Site3_01/12/1929","Site3_01/12/1929_A40","Edgar Anderson","sepal length",5.1,"cm"
"250","Site3_01/12/1929","Site3_01/12/1929_A40","Edgar Anderson","sepal width",3.4,"cm"
"251","Site3_01/12/1929","Site3_01/12/1929_A40","Edgar Anderson","petal length",1.5,"cm"
"252","Site3_01/12/1929","Site3_01/12/1929_A40","Edgar Anderson","petal width",0.2,"cm"
"253","Site3_01/12/1929","Site3_01/12/1929_A49","Edgar Anderson","sepal length",5.3,"cm"
"254","Site3_01/12/1929","Site3_01/12/1929_A49","Edgar Anderson","sepal width",3.7,"cm"
"255","Site3_01/12/1929","Site3_01/12/1929_A49","Edgar Anderson","petal length",1.5,"cm"
"256","Site3_01/12/1929","Site3_01/12/1929_A49","Edgar Anderson","petal width",0.2,"cm"
"257","Site2_13/02/1930","Site2_13/02/1930_A56","Edgar Anderson","sepal length",5.7,"cm"
"258","Site2_13/02/1930","Site2_13/02/1930_A56","Edgar Anderson","sepal width",2.8,"cm"
"259","Site2_13/02/1930","Site2_13/02/1930_A56","Edgar Anderson","petal length",4.5,"cm"
"260","Site2_13/02/1930","Site2_13/02/1930_A56","Edgar Anderson","petal width",1.3,"cm"
"261","Site3_01/12/1929","Site3_01/12/1929_A58","Edgar Anderson","sepal length",4.9,"cm"
"262","Site3_01/12/1929","Site3_01/12/1929_A58","Edgar Anderson","sepal width",2.4,"cm"
"263","Site3_01/12/1929","Site3_01/12/1929_A58","Edgar Anderson","petal length",3.3,"cm"
"264","Site3_01/12/1929","Site3_01/12/1929_A58","Edgar Anderson","petal width",1,"cm"
"265","Site2_13/02/1930","Site2_13/02/1930_A62","Edgar Anderson","sepal length",5.9,"cm"
"266","Site2_13/02/1930","Site2_13/02/1930_A62","Edgar Anderson","sepal width",3,"cm"
"267","Site2_13/02/1930","Site2_13/02/1930_A62","Edgar Anderson","petal length",4.2,"cm"
"268","Site2_13/02/1930","Site2_13/02/1930_A62","Edgar Anderson","petal width",1.5,"cm"
"269","Site1_01/12/1929","Site1_01/12/1929_A90","Edgar Anderson","sepal length",5.5,"cm"
"270","Site1_01/12/1929","Site1_01/12/1929_A90","Edgar Anderson","sepal width",2.5,"cm"
"271","Site1_01/12/1929","Site1_01/12/1929_A90","Edgar Anderson","petal length",4,"cm"
"272","Site1_01/12/1929","Site1_01/12/1929_A90","Edgar Anderson","petal width",1.3,"cm"
"273","Site2_13/02/1930","Site2_13/02/1930_A101","Edgar Anderson","sepal length",6.3,"cm"
"274","Site2_13/02/1930","Site2_13/02/1930_A101","Edgar Anderson","sepal width",3.3,"cm"
"275","Site2_13/02/1930","Site2_13/02/1930_A101","Edgar Anderson","petal length",6,"cm"
"276","Site2_13/02/1930","Site2_13/02/1930_A101","Edgar Anderson","petal width",2.5,"cm"
"277","Site2_13/02/1930","Site2_13/02/1930_A107","Edgar Anderson","sepal length",4.9,"cm"
"278","Site2_13/02/1930","Site2_13/02/1930_A107","Edgar Anderson","sepal width",2.5,"cm"
"279","Site2_13/02/1930","Site2_13/02/1930_A107","Edgar Anderson","petal length",4.5,"cm"
"280","Site2_13/02/1930","Site2_13/02/1930_A107","Edgar Anderson","petal width",1.7,"cm"
"281","Site3_01/12/1929","Site3_01/12/1929_A115","Edgar Anderson","sepal length",5.8,"cm"
"282","Site3_01/12/1929","Site3_01/12/1929_A115","Edgar Anderson","sepal width",2.8,"cm"
"283","Site3_01/12/1929","Site3_01/12/1929_A115","Edgar Anderson","petal length",5.1,"cm"
"284","Site3_01/12/1929","Site3_01/12/1929_A115","Edgar Anderson","petal width",2.4,"cm"
"285","Site2_13/02/1930","Site2_13/02/1930_A116","Edgar Anderson","sepal length",6.4,"cm"
"286","Site2_13/02/1930","Site2_13/02/1930_A116","Edgar Anderson","sepal width",3.2,"cm"
"287","Site2_13/02/1930","Site2_13/02/1930_A116","Edgar Anderson","petal length",5.3,"cm"
"288","Site2_13/02/1930","Site2_13/02/1930_A116","Edgar Anderson","petal width",2.3,"cm"
"289","Site3_01/12/1929","Site3_01/12/1929_A121","Edgar Anderson","sepal length",6.9,"cm"
"290","Site3_01/12/1929","Site3_01/12/1929_A121","Edgar Anderson","sepal width",3.2,"cm"
"291","Site3_01/12/1929","Site3_01/12/1929_A121","Edgar Anderson","petal length",5.7,"cm"
"292","Site3_01/12/1929","Site3_01/12/1929_A121","Edgar Anderson","petal width",2.3,"cm"
"293","Site3_01/12/1929","Site3_01/12/1929_A127","Edgar Anderson","sepal length",6.2,"cm"
"294","Site3_01/12/1929","Site3_01/12/1929_A127","Edgar Anderson","sepal width",2.8,"cm"
"295","Site3_01/12/1929","Site3_01/12/1929_A127","Edgar Anderson","petal length",4.8,"cm"
"296","Site3_01/12/1929","Site3_01/12/1929_A127","Edgar Anderson","petal width",1.8,"cm"
"297","Site2_13/02/1930","Site2_13/02/1930_A140","Edgar Anderson","sepal length",6.9,"cm"
"298","Site2_13/02/1930","Site2_13/02/1930_A140","Edgar Anderson","sepal width",3.1,"cm"
"299","Site2_13/02/1930","Site2_13/02/1930_A140","Edgar Anderson","petal length",5.4,"cm"
"300","Site2_13/02/1930","Site2_13/02/1930_A140","Edgar Anderson","petal width",2.1,"cm"
"301","Site3_01/12/1929","Site3_01/12/1929_A127","Edgar Anderson","sepal length",6.2,"cm"
"302","Site3_01/12/1929","Site3_01/12/1929_A127","Edgar Anderson","sepal width",2.8,"cm"
"303","Site3_01/12/1929","Site3_01/12/1929_A127","Edgar Anderson","petal length",4.8,"cm"
"304","Site3_01/12/1929","Site3_01/12/1929_A127","Edgar Anderson","petal width",1.8,"cm"
"305","Site3_01/12/1929","Site3_01/12/1929_A49","Edgar Anderson","sepal length",5.3,"cm"
"306","Site3_01/12/1929","Site3_01/12/1929_A49","Edgar Anderson","sepal width",3.7,"cm"
"307","Site3_01/12/1929","Site3_01/12/1929_A49","Edgar Anderson","petal length",1.5,"cm"
"308","Site3_01/12/1929","Site3_01/12/1929_A49","Edgar Anderson","petal width",0.2,"cm"
"309","Site3_01/12/1929","Site3_01/12/1929_A100","Edgar Anderson","sepal length",5.7,"cm"
"310","Site3_01/12/1929","Site3_01/12/1929_A100","Edgar Anderson","sepal width",2.8,"cm"
"311","Site3_01/12/1929","Site3_01/12/1929_A100","Edgar Anderson","petal length",4.1,"cm"
"312","Site3_01/12/1929","Site3_01/12/1929_A100","Edgar Anderson","petal width",1.3,"cm"
"313","Site1_01/12/1929","Site1_01/12/1929_A3","Edgar Anderson","sepal length",4.7,"cm"
"314","Site1_01/12/1929","Site1_01/12/1929_A3","Edgar Anderson","sepal width",3.2,"cm"
"315","Site1_01/12/1929","Site1_01/12/1929_A3","Edgar Anderson","petal length",1.3,"cm"
"316","Site1_01/12/1929","Site1_01/12/1929_A3","Edgar Anderson","petal width",0.2,"cm"
"317","Site2_13/02/1930","Site2_13/02/1930_A140","Edgar Anderson","sepal length",6.9,"cm"
"318","Site2_13/02/1930","Site2_13/02/1930_A140","Edgar Anderson","sepal width",3.1,"cm"
"319","Site2_13/02/1930","Site2_13/02/1930_A140","Edgar Anderson","petal length",5.4,"cm"
"320","Site2_13/02/1930","Site2_13/02/1930_A140","Edgar Anderson","petal width",2.1,"cm"
"321","Site3_01/12/1929","Site3_01/12/1929_A133","Edgar Anderson","sepal length",6.4,"cm"
"322","Site3_01/12/1929","Site3_01/12/1929_A133","Edgar Anderson","sepal width",2.8,"cm"
"323","Site3_01/12/1929","Site3_01/12/1929_A133","Edgar Anderson","petal length",5.6,"cm"
"324","Site3_01/12/1929","Site3_01/12/1929_A133","Edgar Anderson","petal width",2.2,"cm"
"325","Site3_13/02/1930","Site3_13/02/1930_A143","Edgar Anderson","sepal length",5.8,"cm"
"326","Site3_13/02/1930","Site3_13/02/1930_A143","Edgar Anderson","sepal width",2.7,"cm"
"327","Site3_13/02/1930","Site3_13/02/1930_A143","Edgar Anderson","petal length",5.1,"cm"
"328","Site3_13/02/1930","Site3_13/02/1930_A143","Edgar Anderson","petal width",1.9,"cm"
"329","Site3_01/12/1929","Site3_01/12/1929_A7","Edgar Anderson","sepal length",4.6,"cm"
"330","Site3_01/12/1929","Site3_01/12/1929_A7","Edgar Anderson","sepal width",3.4,"cm"
"331","Site3_01/12/1929","Site3_01/12/1929_A7","Edgar Anderson","petal length",1.4,"cm"
"332","Site3_01/12/1929","Site3_01/12/1929_A7","Edgar Anderson","petal width",0.3,"cm"
"333","Site3_01/12/1929","Site3_01/12/1929_A148","Edgar Anderson","sepal length",6.5,"cm"
"334","Site3_01/12/1929","Site3_01/12/1929_A148","Edgar Anderson","sepal width",3,"cm"
"335","Site3_01/12/1929","Site3_01/12/1929_A148","Edgar Anderson","petal length",5.2,"cm"
"336","Site3_01/12/1929","Site3_01/12/1929_A148","Edgar Anderson","petal width",2,"cm"
"337","Site3_01/12/1929","Site3_01/12/1929_A94","Edgar Anderson","sepal length",5,"cm"
"338","Site3_01/12/1929","Site3_01/12/1929_A94","Edgar Anderson","sepal width",2.3,"cm"
"339","Site3_01/12/1929","Site3_01/12/1929_A94","Edgar Anderson","petal length",3.3,"cm"
"340","Site3_01/12/1929","Site3_01/12/1929_A94","Edgar Anderson","petal width",1,"cm"
"341","Site3_01/12/1929","Site3_01/12/1929_A61","Edgar Anderson","sepal length",5,"cm"
"342","Site3_01/12/1929","Site3_01/12/1929_A61","Edgar Anderson","sepal width",2,"cm"
"343","Site3_01/12/1929","Site3_01/12/1929_A61","Edgar Anderson","petal length",3.5,"cm"
"344","Site3_01/12/1929","Site3_01/12/1929_A61","Edgar Anderson","petal width",1,"cm"
"345","Site1_01/12/1929","Site1_01/12/1929_A9","Edgar Anderson","sepal length",4.4,"cm"
"346","Site1_01/12/1929","Site1_01/12/1929_A9","Edgar Anderson","sepal width",2.9,"cm"
"347","Site1_01/12/1929","Site1_01/12/1929_A9","Edgar Anderson","petal length",1.4,"cm"
"348","Site1_01/12/1929","Site1_01/12/1929_A9","Edgar Anderson","petal width",0.2,"cm"
"349","Site1_01/12/1929","Site1_01/12/1929_A87","Edgar Anderson","sepal length",6.7,"cm"
"350","Site1_01/12/1929","Site1_01/12/1929_A87","Edgar Anderson","sepal width",3.1,"cm"
"351","Site1_01/12/1929","Site1_01/12/1929_A87","Edgar Anderson","petal length",4.7,"cm"
"352","Site1_01/12/1929","Site1_01/12/1929_A87","Edgar Anderson","petal width",1.5,"cm"
"353","Site3_01/12/1929","Site3_01/12/1929_A121","Edgar Anderson","sepal length",6.9,"cm"
"354","Site3_01/12/1929","Site3_01/12/1929_A121","Edgar Anderson","sepal width",3.2,"cm"
"355","Site3_01/12/1929","Site3_01/12/1929_A121","Edgar Anderson","petal length",5.7,"cm"
"356","Site3_01/12/1929","Site3_01/12/1929_A121","Edgar Anderson","petal width",2.3,"cm"
"357","Site1_01/12/1929","Site1_01/12/1929_A69","Edgar Anderson","sepal length",6.2,"cm"
"358","Site1_01/12/1929","Site1_01/12/1929_A69","Edgar Anderson","sepal width",2.2,"cm"
"359","Site1_01/12/1929","Site1_01/12/1929_A69","Edgar Anderson","petal length",4.5,"cm"
"360","Site1_01/12/1929","Site1_01/12/1929_A69","Edgar Anderson","petal width",1.5,"cm"
"361","Site1_01/12/1929","Site1_01/12/1929_A17","Edgar Anderson","sepal length",5.9,"cm"
"362","Site1_01/12/1929","Site1_01/12/1929_A17","Edgar Anderson","sepal width",3,"cm"
"363","Site1_01/12/1929","Site1_01/12/1929_A17","Edgar Anderson","petal length",5.1,"cm"
"364","Site1_01/12/1929","Site1_01/12/1929_A17","Edgar Anderson","petal width",1.8,"cm"
"365","Site2_13/02/1930","Site2_13/02/1930_A130","Edgar Anderson","sepal length",6.3,"cm"
"366","Site2_13/02/1930","Site2_13/02/1930_A130","Edgar Anderson","sepal width",3.4,"cm"
"367","Site2_13/02/1930","Site2_13/02/1930_A130","Edgar Anderson","petal length",5.6,"cm"
"368","Site2_13/02/1930","Site2_13/02/1930_A130","Edgar Anderson","petal width",2.4,"cm"
"369","Site1_01/12/1929","Site1_01/12/1929_A61","Edgar Anderson","sepal length",5.5,"cm"
"370","Site1_01/12/1929","Site1_01/12/1929_A61","Edgar Anderson","sepal width",2.4,"cm"
"371","Site1_01/12/1929","Site1_01/12/1929_A61","Edgar Anderson","petal length",3.8,"cm"
"372","Site1_01/12/1929","Site1_01/12/1929_A61","Edgar Anderson","petal width",1.1,"cm"
"373","Site3_01/12/1929","Site3_01/12/1929_A38","Edgar Anderson","sepal length",4.8,"cm"
"374","Site3_01/12/1929","Site3_01/12/1929_A38","Edgar Anderson","sepal width",3.1,"cm"
"375","Site3_01/12/1929","Site3_01/12/1929_A38","Edgar Anderson","petal length",1.6,"cm"
"376","Site3_01/12/1929","Site3_01/12/1929_A38","Edgar Anderson","petal width",0.2,"cm"
"377","Site2_13/02/1930","Site2_13/02/1930_A129","Edgar Anderson","sepal length",6.3,"cm"
"378","Site2_13/02/1930","Site2_13/02/1930_A129","Edgar Anderson","sepal width",2.8,"cm"
"379","Site2_13/02/1930","Site2_13/02/1930_A129","Edgar Anderson","petal length",5.1,"cm"
"380","Site2_13/02/1930","Site2_13/02/1930_A129","Edgar Anderson","petal width",1.5,"cm"
"381","Site2_13/02/1930","Site2_13/02/1930_A122","Edgar Anderson","sepal length",6.8,"cm"
"382","Site2_13/02/1930","Site2_13/02/1930_A122","Edgar Anderson","sepal width",3,"cm"
"383","Site2_13/02/1930","Site2_13/02/1930_A122","Edgar Anderson","petal length",5.5,"cm"
"384","Site2_13/02/1930","Site2_13/02/1930_A122","Edgar Anderson","petal width",2.1,"cm"
"385","Site3_01/12/1929","Site3_01/12/1929_A41","Edgar Anderson","sepal length",5.1,"cm"
"386","Site3_01/12/1929","Site3_01/12/1929_A41","Edgar Anderson","sepal width",3.4,"cm"
"387","Site3_01/12/1929","Site3_01/12/1929_A41","Edgar Anderson","petal length",1.5,"cm"
"388","Site3_01/12/1929","Site3_01/12/1929_A41","Edgar Anderson","petal width",0.2,"cm"
"389","Site1_01/12/1929","Site1_01/12/1929_A66","Edgar Anderson","sepal length",5.7,"cm"
"390","Site1_01/12/1929","Site1_01/12/1929_A66","Edgar Anderson","sepal width",3,"cm"
"391","Site1_01/12/1929","Site1_01/12/1929_A66","Edgar Anderson","petal length",4.2,"cm"
"392","Site1_01/12/1929","Site1_01/12/1929_A66","Edgar Anderson","petal width",1.2,"cm"
"393","Site3_01/12/1929","Site3_01/12/1929_A84","Edgar Anderson","sepal length",6.4,"cm"
"394","Site3_01/12/1929","Site3_01/12/1929_A84","Edgar Anderson","sepal width",3.2,"cm"
"395","Site3_01/12/1929","Site3_01/12/1929_A84","Edgar Anderson","petal length",4.5,"cm"
"396","Site3_01/12/1929","Site3_01/12/1929_A84","Edgar Anderson","petal width",1.5,"cm"
"397","Site3_01/12/1929","Site3_01/12/1929_A137","Edgar Anderson","sepal length",6.7,"cm"
"398","Site3_01/12/1929","Site3_01/12/1929_A137","Edgar Anderson","sepal width",2.5,"cm"
"399","Site3_01/12/1929","Site3_01/12/1929_A137","Edgar Anderson","petal length",5.8,"cm"
"400","Site3_01/12/1929","Site3_01/12/1929_A137","Edgar Anderson","petal width",1.8,"cm"
"401","Site3_01/12/1929","Site3_01/12/1929_A95","Edgar Anderson","sepal length",5.4,"cm"
"402","Site3_01/12/1929","Site3_01/12/1929_A95","Edgar Anderson","sepal width",3,"cm"
"403","Site3_01/12/1929","Site3_01/12/1929_A95","Edgar Anderson","petal length",4.5,"cm"
"404","Site3_01/12/1929","Site3_01/12/1929_A95","Edgar Anderson","petal width",1.5,"cm"
"405","Site3_01/12/1929","Site3_01/12/1929_A146","Edgar Anderson","sepal length",7.7,"cm"
"406","Site3_01/12/1929","Site3_01/12/1929_A146","Edgar Anderson","sepal width",3,"cm"
"407","Site3_01/12/1929","Site3_01/12/1929_A146","Edgar Anderson","petal length",6.1,"cm"
"408","Site3_01/12/1929","Site3_01/12/1929_A146","Edgar Anderson","petal width",2.3,"cm"
"409","Site2_13/02/1930","Site2_13/02/1930_A79","Edgar Anderson","sepal length",6,"cm"
"410","Site2_13/02/1930","Site2_13/02/1930_A79","Edgar Anderson","sepal width",3.4,"cm"
"411","Site2_13/02/1930","Site2_13/02/1930_A79","Edgar Anderson","petal length",4.5,"cm"
"412","Site2_13/02/1930","Site2_13/02/1930_A79","Edgar Anderson","petal width",1.6,"cm"
"413","Site2_13/02/1930","Site2_13/02/1930_A80","Edgar Anderson","sepal length",5.6,"cm"
"414","Site2_13/02/1930","Site2_13/02/1930_A80","Edgar Anderson","sepal width",3,"cm"
"415","Site2_13/02/1930","Site2_13/02/1930_A80","Edgar Anderson","petal length",4.1,"cm"
"416","Site2_13/02/1930","Site2_13/02/1930_A80","Edgar Anderson","petal width",1.3,"cm"
"417","Site1_01/12/1929","Site1_01/12/1929_A53","Edgar Anderson","sepal length",6.3,"cm"
"418","Site1_01/12/1929","Site1_01/12/1929_A53","Edgar Anderson","sepal width",3.3,"cm"
"419","Site1_01/12/1929","Site1_01/12/1929_A53","Edgar Anderson","petal length",4.7,"cm"
"420","Site1_01/12/1929","Site1_01/12/1929_A53","Edgar Anderson","petal width",1.6,"cm"
